"dataset","dataset_md5","backend","metric","k","target_recall","n","p","shape_group","crossfit_selected_family","crossfit_selection_basis","crossfit_n_training_datasets","crossfit_median_training_time_sec","crossfit_test_method","crossfit_resolved_route_family","crossfit_time_sec","crossfit_min_run_mean_query_recall_at_k","crossfit_exact_selected","crossfit_approximate_target_met","crossfit_operating_point_met","crossfit_method_agreement","crossfit_abstained","crossfit_over_oracle","package_auto_method","package_auto_resolved_backend","package_auto_resolved_route_family","package_auto_time_sec","package_auto_exact_selected","package_auto_approximate_target_met","package_auto_operating_point_met","package_auto_method_agreement","package_auto_abstained","package_auto_over_oracle","oracle_method","oracle_resolved_route_family","oracle_time_sec","oracle_exact_audited"
"COIL20","9fb70f4d8b5340eaca78d93988405aca","cpu","correlation",100,0.9,1440,16384,"small_high_dim","hnsw","same_shape_group",2,0.117166548127014,"faissR_cpu_hnsw","hnsw",0.676,0.995947265625,FALSE,TRUE,TRUE,TRUE,FALSE,1,"faissR_cpu_auto","faiss_flat_correlation","exact_family",0.98,FALSE,NA,FALSE,FALSE,TRUE,NA,"faissR_cpu_hnsw","hnsw",0.676,FALSE
"COIL20","9fb70f4d8b5340eaca78d93988405aca","cpu","correlation",100,0.95,1440,16384,"small_high_dim","hnsw","same_shape_group",2,0.111857051632877,"faissR_cpu_hnsw","hnsw",0.7125,0.996328125,FALSE,TRUE,TRUE,TRUE,FALSE,1,"faissR_cpu_auto","faiss_flat_correlation","exact_family",0.969,FALSE,NA,FALSE,FALSE,TRUE,NA,"faissR_cpu_hnsw","hnsw",0.7125,FALSE
"COIL20","9fb70f4d8b5340eaca78d93988405aca","cpu","correlation",100,0.99,1440,16384,"small_high_dim","exact","same_shape_group",2,0.521545300045931,"faissR_cpu_exact","exact_family",0.6655,0.99984375,TRUE,NA,TRUE,TRUE,FALSE,1,"faissR_cpu_auto","faiss_flat_correlation","exact_family",0.958,FALSE,NA,FALSE,TRUE,TRUE,NA,"faissR_cpu_exact","exact_family",0.6655,TRUE
"COIL20","9fb70f4d8b5340eaca78d93988405aca","cpu","correlation",15,0.9,1440,16384,"small_high_dim","hnsw","same_shape_group",2,0.0692820323027551,"faissR_cpu_hnsw","hnsw",0.598,0.996614583333333,FALSE,TRUE,TRUE,TRUE,FALSE,1,"faissR_cpu_auto","faiss_flat_correlation","exact_family",0.918,FALSE,NA,FALSE,FALSE,TRUE,NA,"faissR_cpu_hnsw","hnsw",0.598,FALSE
"COIL20","9fb70f4d8b5340eaca78d93988405aca","cpu","correlation",15,0.95,1440,16384,"small_high_dim","hnsw","same_shape_group",2,0.067003731239387,"faissR_cpu_hnsw","hnsw",0.5775,0.995247395833333,FALSE,TRUE,TRUE,TRUE,FALSE,1,"faissR_cpu_auto","faiss_flat_correlation","exact_family",0.966,FALSE,NA,FALSE,FALSE,TRUE,NA,"faissR_cpu_hnsw","hnsw",0.5775,FALSE
"COIL20","9fb70f4d8b5340eaca78d93988405aca","cpu","correlation",15,0.99,1440,16384,"small_high_dim","exact","same_shape_group",2,0.279505813893021,"faissR_cpu_exact","exact_family",0.6975,0.999869791666667,TRUE,NA,TRUE,TRUE,FALSE,1,"faissR_cpu_auto","faiss_flat_correlation","exact_family",0.956,FALSE,NA,FALSE,TRUE,TRUE,NA,"faissR_cpu_exact","exact_family",0.6975,TRUE
"COIL20","9fb70f4d8b5340eaca78d93988405aca","cpu","correlation",30,0.9,1440,16384,"small_high_dim","hnsw","same_shape_group",2,0.072728948844322,"faissR_cpu_hnsw","hnsw",0.567,0.993912760416667,FALSE,TRUE,TRUE,TRUE,FALSE,1,"faissR_cpu_auto","faiss_flat_correlation","exact_family",0.982,FALSE,NA,FALSE,FALSE,TRUE,NA,"faissR_cpu_hnsw","hnsw",0.567,FALSE
"COIL20","9fb70f4d8b5340eaca78d93988405aca","cpu","correlation",30,0.95,1440,16384,"small_high_dim","hnsw","same_shape_group",2,0.0668692754559222,"faissR_cpu_hnsw","hnsw",0.5675,0.9927734375,FALSE,TRUE,TRUE,TRUE,FALSE,1,"faissR_cpu_auto","faiss_flat_correlation","exact_family",1.007,FALSE,NA,FALSE,FALSE,TRUE,NA,"faissR_cpu_hnsw","hnsw",0.5675,FALSE
"COIL20","9fb70f4d8b5340eaca78d93988405aca","cpu","correlation",30,0.99,1440,16384,"small_high_dim","hnsw","same_shape_group",2,0.102286362727394,"faissR_cpu_hnsw","hnsw",0.7735,0.99873046875,FALSE,TRUE,TRUE,FALSE,FALSE,1.22972972972973,"faissR_cpu_auto","faiss_flat_correlation","exact_family",0.929,FALSE,NA,FALSE,TRUE,TRUE,NA,"faissR_cpu_exact","exact_family",0.629,TRUE
"COIL20","9fb70f4d8b5340eaca78d93988405aca","cpu","correlation",50,0.9,1440,16384,"small_high_dim","hnsw","same_shape_group",2,0.0916719695435851,"faissR_cpu_hnsw","hnsw",0.6105,0.99099609375,FALSE,TRUE,TRUE,TRUE,FALSE,1,"faissR_cpu_auto","faiss_flat_correlation","exact_family",1.002,FALSE,NA,FALSE,FALSE,TRUE,NA,"faissR_cpu_hnsw","hnsw",0.6105,FALSE
"COIL20","9fb70f4d8b5340eaca78d93988405aca","cpu","correlation",50,0.95,1440,16384,"small_high_dim","hnsw","same_shape_group",1,0.0359999999999999,"faissR_cpu_hnsw","hnsw",0.588,0.99025390625,FALSE,TRUE,TRUE,TRUE,FALSE,1,"faissR_cpu_auto","faiss_flat_correlation","exact_family",1.034,FALSE,NA,FALSE,FALSE,TRUE,NA,"faissR_cpu_hnsw","hnsw",0.588,FALSE
"COIL20","9fb70f4d8b5340eaca78d93988405aca","cpu","correlation",50,0.99,1440,16384,"small_high_dim","hnsw","same_shape_group",2,0.104423416914024,"faissR_cpu_hnsw","hnsw",0.717,0.99966796875,FALSE,TRUE,TRUE,FALSE,FALSE,1.07576894223556,"faissR_cpu_auto","faiss_flat_correlation","exact_family",0.943,FALSE,NA,FALSE,TRUE,TRUE,NA,"faissR_cpu_exact","exact_family",0.6665,TRUE
"COIL20","9fb70f4d8b5340eaca78d93988405aca","cpu","cosine",100,0.9,1440,16384,"small_high_dim","hnsw","same_shape_group",2,0.0983920728514244,"faissR_cpu_hnsw","hnsw",0.5405,0.99150390625,FALSE,TRUE,TRUE,TRUE,FALSE,1,"faissR_cpu_auto","faiss_flat_cosine","exact_family",0.838,FALSE,NA,FALSE,FALSE,TRUE,NA,"faissR_cpu_hnsw","hnsw",0.5405,FALSE
"COIL20","9fb70f4d8b5340eaca78d93988405aca","cpu","cosine",100,0.95,1440,16384,"small_high_dim","hnsw","same_shape_group",2,0.106433077565201,"faissR_cpu_hnsw","hnsw",0.5115,0.989833984375,FALSE,TRUE,TRUE,TRUE,FALSE,1,"faissR_cpu_auto","faiss_flat_cosine","exact_family",0.817,FALSE,NA,FALSE,FALSE,TRUE,NA,"faissR_cpu_hnsw","hnsw",0.5115,FALSE
"COIL20","9fb70f4d8b5340eaca78d93988405aca","cpu","cosine",100,0.99,1440,16384,"small_high_dim","hnsw","same_shape_group",2,0.116243279375627,"faissR_cpu_hnsw","hnsw",0.724,0.998134765625,FALSE,TRUE,TRUE,TRUE,FALSE,1,"faissR_cpu_auto","faiss_flat_cosine","exact_family",0.8805,FALSE,NA,FALSE,FALSE,TRUE,NA,"faissR_cpu_hnsw","hnsw",0.724,FALSE
"COIL20","9fb70f4d8b5340eaca78d93988405aca","cpu","cosine",15,0.9,1440,16384,"small_high_dim","hnsw","same_shape_group",2,0.0654045105478208,"faissR_cpu_hnsw","hnsw",0.4945,0.977018229166667,FALSE,TRUE,TRUE,TRUE,FALSE,1,"faissR_cpu_auto","faiss_flat_cosine","exact_family",0.7155,FALSE,NA,FALSE,FALSE,TRUE,NA,"faissR_cpu_hnsw","hnsw",0.4945,FALSE
"COIL20","9fb70f4d8b5340eaca78d93988405aca","cpu","cosine",15,0.95,1440,16384,"small_high_dim","hnsw","same_shape_group",2,0.0574804314527997,"faissR_cpu_hnsw","hnsw",0.4805,0.995768229166667,FALSE,TRUE,TRUE,TRUE,FALSE,1,"faissR_cpu_auto","faiss_flat_cosine","exact_family",0.7465,FALSE,NA,FALSE,FALSE,TRUE,NA,"faissR_cpu_hnsw","hnsw",0.4805,FALSE
"COIL20","9fb70f4d8b5340eaca78d93988405aca","cpu","cosine",15,0.99,1440,16384,"small_high_dim","exact","same_shape_group",2,0.358811580080688,"faissR_cpu_exact","exact_family",0.756,1,TRUE,NA,TRUE,FALSE,FALSE,1.0449205252246,"faissR_cpu_auto","faiss_flat_cosine","exact_family",0.796,FALSE,NA,FALSE,FALSE,TRUE,NA,"faissR_cpu_hnsw","hnsw",0.7235,FALSE
"COIL20","9fb70f4d8b5340eaca78d93988405aca","cpu","cosine",30,0.9,1440,16384,"small_high_dim","hnsw","same_shape_group",2,0.0724154679609267,"faissR_cpu_hnsw","hnsw",0.5215,0.999348958333333,FALSE,TRUE,TRUE,TRUE,FALSE,1,"faissR_cpu_auto","faiss_flat_cosine","exact_family",0.796,FALSE,NA,FALSE,FALSE,TRUE,NA,"faissR_cpu_hnsw","hnsw",0.5215,FALSE
"COIL20","9fb70f4d8b5340eaca78d93988405aca","cpu","cosine",30,0.95,1440,16384,"small_high_dim","hnsw","same_shape_group",2,0.0748932573734111,"faissR_cpu_hnsw","hnsw",0.52,0.9994140625,FALSE,TRUE,TRUE,TRUE,FALSE,1,"faissR_cpu_auto","faiss_flat_cosine","exact_family",0.7585,FALSE,NA,FALSE,FALSE,TRUE,NA,"faissR_cpu_hnsw","hnsw",0.52,FALSE
"COIL20","9fb70f4d8b5340eaca78d93988405aca","cpu","cosine",30,0.99,1440,16384,"small_high_dim","exact","same_shape_group",2,0.409435892417849,"faissR_cpu_exact","exact_family",0.7705,1,TRUE,NA,TRUE,FALSE,FALSE,1.31709401709402,"faissR_cpu_auto","faiss_flat_cosine","exact_family",0.74,FALSE,NA,FALSE,FALSE,TRUE,NA,"faissR_cpu_hnsw","hnsw",0.585,FALSE
"COIL20","9fb70f4d8b5340eaca78d93988405aca","cpu","cosine",50,0.9,1440,16384,"small_high_dim","hnsw","same_shape_group",2,0.0738698179231545,"faissR_cpu_hnsw","hnsw",0.481,0.98970703125,FALSE,TRUE,TRUE,TRUE,FALSE,1,"faissR_cpu_auto","faiss_flat_cosine","exact_family",0.7885,FALSE,NA,FALSE,FALSE,TRUE,NA,"faissR_cpu_hnsw","hnsw",0.481,FALSE
"COIL20","9fb70f4d8b5340eaca78d93988405aca","cpu","cosine",50,0.95,1440,16384,"small_high_dim","hnsw","same_shape_group",2,0.0842407264925938,"faissR_cpu_hnsw","hnsw",0.5455,0.98923828125,FALSE,TRUE,TRUE,TRUE,FALSE,1,"faissR_cpu_auto","faiss_flat_cosine","exact_family",0.7825,FALSE,NA,FALSE,FALSE,TRUE,NA,"faissR_cpu_hnsw","hnsw",0.5455,FALSE
"COIL20","9fb70f4d8b5340eaca78d93988405aca","cpu","cosine",50,0.99,1440,16384,"small_high_dim","exact","same_shape_group",2,0.45164394161773,"faissR_cpu_exact","exact_family",0.765,0.9999609375,TRUE,NA,TRUE,FALSE,FALSE,1.33275261324042,"faissR_cpu_auto","faiss_flat_cosine","exact_family",0.764,FALSE,NA,FALSE,FALSE,TRUE,NA,"faissR_cpu_hnsw","hnsw",0.574,FALSE
"COIL20","9fb70f4d8b5340eaca78d93988405aca","cpu","euclidean",100,0.9,1440,16384,"small_high_dim","hnsw","same_shape_group",2,0.0836689906715744,"faissR_cpu_hnsw","hnsw",0.3715,0.9973046875,FALSE,TRUE,TRUE,TRUE,FALSE,1,"faissR_cpu_auto","faiss_flat_l2","exact_family",0.57,FALSE,NA,FALSE,FALSE,TRUE,NA,"faissR_cpu_hnsw","hnsw",0.3715,FALSE
"COIL20","9fb70f4d8b5340eaca78d93988405aca","cpu","euclidean",100,0.95,1440,16384,"small_high_dim","hnsw","same_shape_group",2,0.0888819441731559,"faissR_cpu_hnsw","hnsw",0.3855,0.997314453125,FALSE,TRUE,TRUE,TRUE,FALSE,1,"faissR_cpu_auto","faiss_flat_l2","exact_family",0.552,FALSE,NA,FALSE,FALSE,TRUE,NA,"faissR_cpu_hnsw","hnsw",0.3855,FALSE
"COIL20","9fb70f4d8b5340eaca78d93988405aca","cpu","euclidean",100,0.99,1440,16384,"small_high_dim","hnsw","same_shape_group",1,0.043,"faissR_cpu_hnsw","hnsw",0.399,0.998046875,FALSE,TRUE,TRUE,TRUE,FALSE,1,"faissR_cpu_auto","faiss_flat_l2","exact_family",0.537,FALSE,NA,FALSE,FALSE,TRUE,NA,"faissR_cpu_hnsw","hnsw",0.399,FALSE
"COIL20","9fb70f4d8b5340eaca78d93988405aca","cpu","euclidean",15,0.9,1440,16384,"small_high_dim","hnsw","same_shape_group",2,0.0484974226119286,"faissR_cpu_hnsw","hnsw",0.2805,0.988020833333333,FALSE,TRUE,TRUE,TRUE,FALSE,1,"faissR_cpu_auto","faiss_flat_l2","exact_family",0.6025,FALSE,NA,FALSE,FALSE,TRUE,NA,"faissR_cpu_hnsw","hnsw",0.2805,FALSE
"COIL20","9fb70f4d8b5340eaca78d93988405aca","cpu","euclidean",15,0.95,1440,16384,"small_high_dim","hnsw","same_shape_group",2,0.0596091435939152,"faissR_cpu_hnsw","hnsw",0.3065,0.995247395833333,FALSE,TRUE,TRUE,TRUE,FALSE,1,"faissR_cpu_auto","faiss_flat_l2","exact_family",0.5435,FALSE,NA,FALSE,FALSE,TRUE,NA,"faissR_cpu_hnsw","hnsw",0.3065,FALSE
"COIL20","9fb70f4d8b5340eaca78d93988405aca","cpu","euclidean",15,0.99,1440,16384,"small_high_dim","hnsw","same_shape_group",1,0.033,"faissR_cpu_hnsw","hnsw",0.331,0.997526041666667,FALSE,TRUE,TRUE,TRUE,FALSE,1,"faissR_cpu_auto","faiss_flat_l2","exact_family",0.526,FALSE,NA,FALSE,FALSE,TRUE,NA,"faissR_cpu_hnsw","hnsw",0.331,FALSE
"COIL20","9fb70f4d8b5340eaca78d93988405aca","cpu","euclidean",30,0.9,1440,16384,"small_high_dim","hnsw","same_shape_group",2,0.0551815186452856,"faissR_cpu_hnsw","hnsw",0.3025,0.984309895833333,FALSE,TRUE,TRUE,TRUE,FALSE,1,"faissR_cpu_auto","faiss_flat_l2","exact_family",0.5645,FALSE,NA,FALSE,FALSE,TRUE,NA,"faissR_cpu_hnsw","hnsw",0.3025,FALSE
"COIL20","9fb70f4d8b5340eaca78d93988405aca","cpu","euclidean",30,0.95,1440,16384,"small_high_dim","hnsw","same_shape_group",2,0.062928530890209,"faissR_cpu_hnsw","hnsw",0.2955,0.991666666666667,FALSE,TRUE,TRUE,TRUE,FALSE,1,"faissR_cpu_auto","faiss_flat_l2","exact_family",0.551,FALSE,NA,FALSE,FALSE,TRUE,NA,"faissR_cpu_hnsw","hnsw",0.2955,FALSE
"COIL20","9fb70f4d8b5340eaca78d93988405aca","cpu","euclidean",30,0.99,1440,16384,"small_high_dim","hnsw","same_shape_group",1,0.0305,"faissR_cpu_hnsw","hnsw",0.373,0.999055989583333,FALSE,TRUE,TRUE,TRUE,FALSE,1,"faissR_cpu_auto","faiss_flat_l2","exact_family",0.5665,FALSE,NA,FALSE,FALSE,TRUE,NA,"faissR_cpu_hnsw","hnsw",0.373,FALSE
"COIL20","9fb70f4d8b5340eaca78d93988405aca","cpu","euclidean",50,0.9,1440,16384,"small_high_dim","hnsw","same_shape_group",2,0.068847657912234,"faissR_cpu_hnsw","hnsw",0.332,0.99603515625,FALSE,TRUE,TRUE,TRUE,FALSE,1,"faissR_cpu_auto","faiss_flat_l2","exact_family",0.5365,FALSE,NA,FALSE,FALSE,TRUE,NA,"faissR_cpu_hnsw","hnsw",0.332,FALSE
"COIL20","9fb70f4d8b5340eaca78d93988405aca","cpu","euclidean",50,0.95,1440,16384,"small_high_dim","hnsw","same_shape_group",2,0.0708166647054209,"faissR_cpu_hnsw","hnsw",0.3535,0.9958984375,FALSE,TRUE,TRUE,TRUE,FALSE,1,"faissR_cpu_auto","faiss_flat_l2","exact_family",0.528,FALSE,NA,FALSE,FALSE,TRUE,NA,"faissR_cpu_hnsw","hnsw",0.3535,FALSE
"COIL20","9fb70f4d8b5340eaca78d93988405aca","cpu","euclidean",50,0.99,1440,16384,"small_high_dim","hnsw","same_shape_group",1,0.036,"faissR_cpu_hnsw","hnsw",0.3785,0.99888671875,FALSE,TRUE,TRUE,TRUE,FALSE,1,"faissR_cpu_auto","faiss_flat_l2","exact_family",0.549,FALSE,NA,FALSE,FALSE,TRUE,NA,"faissR_cpu_hnsw","hnsw",0.3785,FALSE
"FashionMNIST","f9fb7867de23cbcc446c6718882134e0","cpu","correlation",100,0.9,70000,784,"medium_high_dim","hnsw","same_shape_group",1,4.7905,"faissR_cpu_hnsw","hnsw",5.8585,0.98146484375,FALSE,TRUE,TRUE,TRUE,FALSE,1,"faissR_cpu_auto","faiss_flat_correlation","exact_family",88.554,FALSE,NA,FALSE,FALSE,TRUE,NA,"faissR_cpu_hnsw","hnsw",5.8585,FALSE
"FashionMNIST","f9fb7867de23cbcc446c6718882134e0","cpu","correlation",100,0.95,70000,784,"medium_high_dim","hnsw","same_shape_group",1,6.5975,"faissR_cpu_hnsw","hnsw",7.3625,0.9904296875,FALSE,TRUE,TRUE,TRUE,FALSE,1,"faissR_cpu_auto","faiss_flat_correlation","exact_family",82.785,FALSE,NA,FALSE,FALSE,TRUE,NA,"faissR_cpu_hnsw","hnsw",7.3625,FALSE
"FashionMNIST","f9fb7867de23cbcc446c6718882134e0","cpu","correlation",100,0.99,70000,784,"medium_high_dim","hnsw","same_shape_group",1,9.707,"faissR_cpu_hnsw","hnsw",10.1995,0.997119140625,FALSE,TRUE,TRUE,TRUE,FALSE,1,"faissR_cpu_auto","faiss_flat_correlation","exact_family",81.264,FALSE,NA,FALSE,FALSE,TRUE,NA,"faissR_cpu_hnsw","hnsw",10.1995,FALSE
"FashionMNIST","f9fb7867de23cbcc446c6718882134e0","cpu","correlation",15,0.9,70000,784,"medium_high_dim","hnsw","same_shape_group",1,4.028,"faissR_cpu_hnsw","hnsw",4.012,0.990690104166667,FALSE,TRUE,TRUE,TRUE,FALSE,1,"faissR_cpu_auto","faiss_flat_correlation","exact_family",78.502,FALSE,NA,FALSE,FALSE,TRUE,NA,"faissR_cpu_hnsw","hnsw",4.012,FALSE
"FashionMNIST","f9fb7867de23cbcc446c6718882134e0","cpu","correlation",15,0.95,70000,784,"medium_high_dim","hnsw","same_shape_group",1,6.0305,"faissR_cpu_hnsw","hnsw",6.785,0.995442708333333,FALSE,TRUE,TRUE,TRUE,FALSE,1,"faissR_cpu_auto","faiss_flat_correlation","exact_family",71.863,FALSE,NA,FALSE,FALSE,TRUE,NA,"faissR_cpu_hnsw","hnsw",6.785,FALSE
"FashionMNIST","f9fb7867de23cbcc446c6718882134e0","cpu","correlation",15,0.99,70000,784,"medium_high_dim","hnsw","same_shape_group",1,9.081,"faissR_cpu_hnsw","hnsw",9.725,0.997135416666667,FALSE,TRUE,TRUE,TRUE,FALSE,1,"faissR_cpu_auto","faiss_flat_correlation","exact_family",79.751,FALSE,NA,FALSE,FALSE,TRUE,NA,"faissR_cpu_hnsw","hnsw",9.725,FALSE
"FashionMNIST","f9fb7867de23cbcc446c6718882134e0","cpu","correlation",30,0.9,70000,784,"medium_high_dim","hnsw","same_shape_group",1,4.15,"faissR_cpu_hnsw","hnsw",4.578,0.9890625,FALSE,TRUE,TRUE,TRUE,FALSE,1,"faissR_cpu_auto","faiss_flat_correlation","exact_family",84.006,FALSE,NA,FALSE,FALSE,TRUE,NA,"faissR_cpu_hnsw","hnsw",4.578,FALSE
"FashionMNIST","f9fb7867de23cbcc446c6718882134e0","cpu","correlation",30,0.95,70000,784,"medium_high_dim","hnsw","same_shape_group",1,6.092,"faissR_cpu_hnsw","hnsw",6.376,0.994921875,FALSE,TRUE,TRUE,TRUE,FALSE,1,"faissR_cpu_auto","faiss_flat_correlation","exact_family",79.296,FALSE,NA,FALSE,FALSE,TRUE,NA,"faissR_cpu_hnsw","hnsw",6.376,FALSE
"FashionMNIST","f9fb7867de23cbcc446c6718882134e0","cpu","correlation",30,0.99,70000,784,"medium_high_dim","hnsw","same_shape_group",1,9.166,"faissR_cpu_hnsw","hnsw",8.914,0.99775390625,FALSE,TRUE,TRUE,TRUE,FALSE,1,"faissR_cpu_auto","faiss_flat_correlation","exact_family",74.172,FALSE,NA,FALSE,FALSE,TRUE,NA,"faissR_cpu_hnsw","hnsw",8.914,FALSE
"FashionMNIST","f9fb7867de23cbcc446c6718882134e0","cpu","correlation",50,0.9,70000,784,"medium_high_dim","hnsw","same_shape_group",1,4.3465,"faissR_cpu_hnsw","hnsw",4.642,0.98568359375,FALSE,TRUE,TRUE,TRUE,FALSE,1,"faissR_cpu_auto","faiss_flat_correlation","exact_family",80.072,FALSE,NA,FALSE,FALSE,TRUE,NA,"faissR_cpu_hnsw","hnsw",4.642,FALSE
"FashionMNIST","f9fb7867de23cbcc446c6718882134e0","cpu","correlation",50,0.95,70000,784,"medium_high_dim","hnsw","same_shape_group",1,6.1585,"faissR_cpu_hnsw","hnsw",6.631,0.99359375,FALSE,TRUE,TRUE,TRUE,FALSE,1,"faissR_cpu_auto","faiss_flat_correlation","exact_family",84.659,FALSE,NA,FALSE,FALSE,TRUE,NA,"faissR_cpu_hnsw","hnsw",6.631,FALSE
"FashionMNIST","f9fb7867de23cbcc446c6718882134e0","cpu","correlation",50,0.99,70000,784,"medium_high_dim","hnsw","same_shape_group",1,9.3255,"faissR_cpu_hnsw","hnsw",9.769,0.99755859375,FALSE,TRUE,TRUE,TRUE,FALSE,1,"faissR_cpu_auto","faiss_flat_correlation","exact_family",79.986,FALSE,NA,FALSE,FALSE,TRUE,NA,"faissR_cpu_hnsw","hnsw",9.769,FALSE
"FashionMNIST","f9fb7867de23cbcc446c6718882134e0","cpu","cosine",100,0.9,70000,784,"medium_high_dim","hnsw","same_shape_group",1,5.636,"faissR_cpu_hnsw","hnsw",4.067,0.980048828125,FALSE,TRUE,TRUE,TRUE,FALSE,1,"faissR_cpu_auto","faiss_flat_cosine","exact_family",81.4015,FALSE,NA,FALSE,FALSE,TRUE,NA,"faissR_cpu_hnsw","hnsw",4.067,FALSE
"FashionMNIST","f9fb7867de23cbcc446c6718882134e0","cpu","cosine",100,0.95,70000,784,"medium_high_dim","hnsw","same_shape_group",1,8.3755,"faissR_cpu_hnsw","hnsw",5.2135,0.986640625,FALSE,TRUE,TRUE,TRUE,FALSE,1,"faissR_cpu_auto","faiss_flat_cosine","exact_family",88.3245,FALSE,NA,FALSE,FALSE,TRUE,NA,"faissR_cpu_hnsw","hnsw",5.2135,FALSE
"FashionMNIST","f9fb7867de23cbcc446c6718882134e0","cpu","cosine",100,0.99,70000,784,"medium_high_dim","hnsw","same_shape_group",1,13.0095,"faissR_cpu_hnsw","hnsw",7.4545,0.996357421875,FALSE,TRUE,TRUE,TRUE,FALSE,1,"faissR_cpu_auto","faiss_flat_cosine","exact_family",85.468,FALSE,NA,FALSE,FALSE,TRUE,NA,"faissR_cpu_hnsw","hnsw",7.4545,FALSE
"FashionMNIST","f9fb7867de23cbcc446c6718882134e0","cpu","cosine",15,0.9,70000,784,"medium_high_dim","hnsw","same_shape_group",1,4.9785,"faissR_cpu_hnsw","hnsw",3.332,0.989908854166667,FALSE,TRUE,TRUE,TRUE,FALSE,1,"faissR_cpu_auto","faiss_flat_cosine","exact_family",68.094,FALSE,NA,FALSE,FALSE,TRUE,NA,"faissR_cpu_hnsw","hnsw",3.332,FALSE
"FashionMNIST","f9fb7867de23cbcc446c6718882134e0","cpu","cosine",15,0.95,70000,784,"medium_high_dim","hnsw","same_shape_group",1,6.711,"faissR_cpu_hnsw","hnsw",4.758,0.993489583333333,FALSE,TRUE,TRUE,TRUE,FALSE,1,"faissR_cpu_auto","faiss_flat_cosine","exact_family",69.4845,FALSE,NA,FALSE,FALSE,TRUE,NA,"faissR_cpu_hnsw","hnsw",4.758,FALSE
"FashionMNIST","f9fb7867de23cbcc446c6718882134e0","cpu","cosine",15,0.99,70000,784,"medium_high_dim","hnsw","same_shape_group",1,10.2935,"faissR_cpu_hnsw","hnsw",6.8995,0.997265625,FALSE,TRUE,TRUE,TRUE,FALSE,1,"faissR_cpu_auto","faiss_flat_cosine","exact_family",71.1575,FALSE,NA,FALSE,FALSE,TRUE,NA,"faissR_cpu_hnsw","hnsw",6.8995,FALSE
"FashionMNIST","f9fb7867de23cbcc446c6718882134e0","cpu","cosine",30,0.9,70000,784,"medium_high_dim","hnsw","same_shape_group",1,4.557,"faissR_cpu_hnsw","hnsw",3.395,0.987467447916667,FALSE,TRUE,TRUE,TRUE,FALSE,1,"faissR_cpu_auto","faiss_flat_cosine","exact_family",87.118,FALSE,NA,FALSE,FALSE,TRUE,NA,"faissR_cpu_hnsw","hnsw",3.395,FALSE
"FashionMNIST","f9fb7867de23cbcc446c6718882134e0","cpu","cosine",30,0.95,70000,784,"medium_high_dim","hnsw","same_shape_group",1,6.315,"faissR_cpu_hnsw","hnsw",4.879,0.992220052083333,FALSE,TRUE,TRUE,TRUE,FALSE,1,"faissR_cpu_auto","faiss_flat_cosine","exact_family",81.316,FALSE,NA,FALSE,FALSE,TRUE,NA,"faissR_cpu_hnsw","hnsw",4.879,FALSE
"FashionMNIST","f9fb7867de23cbcc446c6718882134e0","cpu","cosine",30,0.99,70000,784,"medium_high_dim","hnsw","same_shape_group",1,9.331,"faissR_cpu_hnsw","hnsw",7.0255,0.997428385416667,FALSE,TRUE,TRUE,TRUE,FALSE,1,"faissR_cpu_auto","faiss_flat_cosine","exact_family",68.62,FALSE,NA,FALSE,FALSE,TRUE,NA,"faissR_cpu_hnsw","hnsw",7.0255,FALSE
"FashionMNIST","f9fb7867de23cbcc446c6718882134e0","cpu","cosine",50,0.9,70000,784,"medium_high_dim","hnsw","same_shape_group",1,4.668,"faissR_cpu_hnsw","hnsw",3.4955,0.98380859375,FALSE,TRUE,TRUE,TRUE,FALSE,1,"faissR_cpu_auto","faiss_flat_cosine","exact_family",70.2645,FALSE,NA,FALSE,FALSE,TRUE,NA,"faissR_cpu_hnsw","hnsw",3.4955,FALSE
"FashionMNIST","f9fb7867de23cbcc446c6718882134e0","cpu","cosine",50,0.95,70000,784,"medium_high_dim","hnsw","same_shape_group",1,7.339,"faissR_cpu_hnsw","hnsw",4.993,0.99111328125,FALSE,TRUE,TRUE,TRUE,FALSE,1,"faissR_cpu_auto","faiss_flat_cosine","exact_family",73.5335,FALSE,NA,FALSE,FALSE,TRUE,NA,"faissR_cpu_hnsw","hnsw",4.993,FALSE
"FashionMNIST","f9fb7867de23cbcc446c6718882134e0","cpu","cosine",50,0.99,70000,784,"medium_high_dim","hnsw","same_shape_group",1,11.982,"faissR_cpu_hnsw","hnsw",7.1385,0.99716796875,FALSE,TRUE,TRUE,TRUE,FALSE,1,"faissR_cpu_auto","faiss_flat_cosine","exact_family",93.1215,FALSE,NA,FALSE,FALSE,TRUE,NA,"faissR_cpu_hnsw","hnsw",7.1385,FALSE
"FashionMNIST","f9fb7867de23cbcc446c6718882134e0","cpu","euclidean",100,0.9,70000,784,"medium_high_dim","hnsw","same_shape_group",1,3.299,"faissR_cpu_hnsw","hnsw",2.944,0.985361328125,FALSE,TRUE,TRUE,TRUE,FALSE,1,"faissR_cpu_auto","faiss_flat_l2","exact_family",84.614,FALSE,NA,FALSE,FALSE,TRUE,NA,"faissR_cpu_hnsw","hnsw",2.944,FALSE
"FashionMNIST","f9fb7867de23cbcc446c6718882134e0","cpu","euclidean",100,0.95,70000,784,"medium_high_dim","hnsw","same_shape_group",1,4.257,"faissR_cpu_hnsw","hnsw",3.7435,0.9915234375,FALSE,TRUE,TRUE,TRUE,FALSE,1,"faissR_cpu_auto","faiss_flat_l2","exact_family",83.4545,FALSE,NA,FALSE,FALSE,TRUE,NA,"faissR_cpu_hnsw","hnsw",3.7435,FALSE
"FashionMNIST","f9fb7867de23cbcc446c6718882134e0","cpu","euclidean",100,0.99,70000,784,"medium_high_dim","hnsw","same_shape_group",1,6.0435,"faissR_cpu_hnsw","hnsw",5.0135,0.9969921875,FALSE,TRUE,TRUE,TRUE,FALSE,1,"faissR_cpu_auto","faiss_flat_l2","exact_family",86.7,FALSE,NA,FALSE,FALSE,TRUE,NA,"faissR_cpu_hnsw","hnsw",5.0135,FALSE
"FashionMNIST","f9fb7867de23cbcc446c6718882134e0","cpu","euclidean",15,0.9,70000,784,"medium_high_dim","hnsw","same_shape_group",1,3.0625,"faissR_cpu_hnsw","hnsw",2.686,0.994856770833333,FALSE,TRUE,TRUE,TRUE,FALSE,1,"faissR_cpu_auto","faiss_flat_l2","exact_family",84.8225,FALSE,NA,FALSE,FALSE,TRUE,NA,"faissR_cpu_hnsw","hnsw",2.686,FALSE
"FashionMNIST","f9fb7867de23cbcc446c6718882134e0","cpu","euclidean",15,0.95,70000,784,"medium_high_dim","hnsw","same_shape_group",1,3.863,"faissR_cpu_hnsw","hnsw",3.384,0.998177083333333,FALSE,TRUE,TRUE,TRUE,FALSE,1,"faissR_cpu_auto","faiss_flat_l2","exact_family",80.682,FALSE,NA,FALSE,FALSE,TRUE,NA,"faissR_cpu_hnsw","hnsw",3.384,FALSE
"FashionMNIST","f9fb7867de23cbcc446c6718882134e0","cpu","euclidean",15,0.99,70000,784,"medium_high_dim","hnsw","same_shape_group",1,5.8825,"faissR_cpu_hnsw","hnsw",4.9545,0.999479166666667,FALSE,TRUE,TRUE,TRUE,FALSE,1,"faissR_cpu_auto","faiss_flat_l2","exact_family",85.3225,FALSE,NA,FALSE,FALSE,TRUE,NA,"faissR_cpu_hnsw","hnsw",4.9545,FALSE
"FashionMNIST","f9fb7867de23cbcc446c6718882134e0","cpu","euclidean",30,0.9,70000,784,"medium_high_dim","hnsw","same_shape_group",1,3.031,"faissR_cpu_hnsw","hnsw",2.6815,0.99189453125,FALSE,TRUE,TRUE,TRUE,FALSE,1,"faissR_cpu_auto","faiss_flat_l2","exact_family",89.973,FALSE,NA,FALSE,FALSE,TRUE,NA,"faissR_cpu_hnsw","hnsw",2.6815,FALSE
"FashionMNIST","f9fb7867de23cbcc446c6718882134e0","cpu","euclidean",30,0.95,70000,784,"medium_high_dim","hnsw","same_shape_group",1,3.85,"faissR_cpu_hnsw","hnsw",3.409,0.997265625,FALSE,TRUE,TRUE,TRUE,FALSE,1,"faissR_cpu_auto","faiss_flat_l2","exact_family",83.0555,FALSE,NA,FALSE,FALSE,TRUE,NA,"faissR_cpu_hnsw","hnsw",3.409,FALSE
"FashionMNIST","f9fb7867de23cbcc446c6718882134e0","cpu","euclidean",30,0.99,70000,784,"medium_high_dim","hnsw","same_shape_group",1,5.898,"faissR_cpu_hnsw","hnsw",4.99,0.999153645833333,FALSE,TRUE,TRUE,TRUE,FALSE,1,"faissR_cpu_auto","faiss_flat_l2","exact_family",87.182,FALSE,NA,FALSE,FALSE,TRUE,NA,"faissR_cpu_hnsw","hnsw",4.99,FALSE
"FashionMNIST","f9fb7867de23cbcc446c6718882134e0","cpu","euclidean",50,0.9,70000,784,"medium_high_dim","hnsw","same_shape_group",1,3.0395,"faissR_cpu_hnsw","hnsw",2.7185,0.98623046875,FALSE,TRUE,TRUE,TRUE,FALSE,1,"faissR_cpu_auto","faiss_flat_l2","exact_family",86.9765,FALSE,NA,FALSE,FALSE,TRUE,NA,"faissR_cpu_hnsw","hnsw",2.7185,FALSE
"FashionMNIST","f9fb7867de23cbcc446c6718882134e0","cpu","euclidean",50,0.95,70000,784,"medium_high_dim","hnsw","same_shape_group",1,3.881,"faissR_cpu_hnsw","hnsw",3.406,0.99552734375,FALSE,TRUE,TRUE,TRUE,FALSE,1,"faissR_cpu_auto","faiss_flat_l2","exact_family",87.493,FALSE,NA,FALSE,FALSE,TRUE,NA,"faissR_cpu_hnsw","hnsw",3.406,FALSE
"FashionMNIST","f9fb7867de23cbcc446c6718882134e0","cpu","euclidean",50,0.99,70000,784,"medium_high_dim","hnsw","same_shape_group",1,6.058,"faissR_cpu_hnsw","hnsw",4.999,0.99884765625,FALSE,TRUE,TRUE,TRUE,FALSE,1,"faissR_cpu_auto","faiss_flat_l2","exact_family",83.367,FALSE,NA,FALSE,FALSE,TRUE,NA,"faissR_cpu_hnsw","hnsw",4.999,FALSE
"FlowRepository_FR-FCM-ZYRM_files","560c41ccc6a67aa034a44eb3b14c60ba","cpu","correlation",100,0.9,5220347,32,"large_low_dim","hnsw","same_shape_group",2,27.5579919941566,"faissR_cpu_hnsw","hnsw",201.035,0.889072265625,FALSE,FALSE,FALSE,NA,FALSE,NA,"faissR_cpu_auto",NA,NA,NA,FALSE,NA,FALSE,NA,TRUE,NA,NA,NA,NA,NA
"FlowRepository_FR-FCM-ZYRM_files","560c41ccc6a67aa034a44eb3b14c60ba","cpu","correlation",100,0.95,5220347,32,"large_low_dim","hnsw","same_shape_group",2,47.6704485084837,"faissR_cpu_hnsw","hnsw",417.682,0.9769921875,FALSE,TRUE,TRUE,TRUE,FALSE,1,"faissR_cpu_auto",NA,NA,NA,FALSE,NA,FALSE,NA,TRUE,NA,"faissR_cpu_hnsw","hnsw",417.682,FALSE
"FlowRepository_FR-FCM-ZYRM_files","560c41ccc6a67aa034a44eb3b14c60ba","cpu","correlation",100,0.99,5220347,32,"large_low_dim","hnsw","same_shape_group",2,73.5093371535209,"faissR_cpu_hnsw","hnsw",702.108,0.99634765625,FALSE,TRUE,TRUE,TRUE,FALSE,1,"faissR_cpu_auto",NA,NA,NA,FALSE,NA,FALSE,NA,TRUE,NA,"faissR_cpu_hnsw","hnsw",702.108,FALSE
"FlowRepository_FR-FCM-ZYRM_files","560c41ccc6a67aa034a44eb3b14c60ba","cpu","correlation",15,0.9,5220347,32,"large_low_dim","hnsw","same_shape_group",2,14.6604040189894,"faissR_cpu_hnsw","hnsw",125.5015,0.918359375,FALSE,TRUE,TRUE,TRUE,FALSE,1,"faissR_cpu_auto",NA,NA,NA,FALSE,NA,FALSE,NA,TRUE,NA,"faissR_cpu_hnsw","hnsw",125.5015,FALSE
"FlowRepository_FR-FCM-ZYRM_files","560c41ccc6a67aa034a44eb3b14c60ba","cpu","correlation",15,0.95,5220347,32,"large_low_dim","hnsw","same_shape_group",2,19.0744742588099,"faissR_cpu_hnsw","hnsw",144.169,0.951497395833333,FALSE,TRUE,TRUE,TRUE,FALSE,1,"faissR_cpu_auto",NA,NA,NA,FALSE,NA,FALSE,NA,TRUE,NA,"faissR_cpu_hnsw","hnsw",144.169,FALSE
"FlowRepository_FR-FCM-ZYRM_files","560c41ccc6a67aa034a44eb3b14c60ba","cpu","correlation",15,0.99,5220347,32,"large_low_dim","hnsw","same_shape_group",2,39.9324062416729,"faissR_cpu_hnsw","hnsw",370.2485,0.996158854166667,FALSE,TRUE,TRUE,TRUE,FALSE,1,"faissR_cpu_auto",NA,NA,NA,FALSE,NA,FALSE,NA,TRUE,NA,"faissR_cpu_hnsw","hnsw",370.2485,FALSE
"FlowRepository_FR-FCM-ZYRM_files","560c41ccc6a67aa034a44eb3b14c60ba","cpu","correlation",30,0.9,5220347,32,"large_low_dim","hnsw","same_shape_group",2,19.6284591091609,"faissR_cpu_hnsw","hnsw",153.701,0.925162760416667,FALSE,TRUE,TRUE,TRUE,FALSE,1,"faissR_cpu_auto",NA,NA,NA,FALSE,NA,FALSE,NA,TRUE,NA,"faissR_cpu_hnsw","hnsw",153.701,FALSE
"FlowRepository_FR-FCM-ZYRM_files","560c41ccc6a67aa034a44eb3b14c60ba","cpu","correlation",30,0.95,5220347,32,"large_low_dim","hnsw","same_shape_group",2,26.060413580755,"faissR_cpu_hnsw","hnsw",216.579,0.969661458333333,FALSE,TRUE,TRUE,TRUE,FALSE,1,"faissR_cpu_auto",NA,NA,NA,FALSE,NA,FALSE,NA,TRUE,NA,"faissR_cpu_hnsw","hnsw",216.579,FALSE
"FlowRepository_FR-FCM-ZYRM_files","560c41ccc6a67aa034a44eb3b14c60ba","cpu","correlation",30,0.99,5220347,32,"large_low_dim","hnsw","same_shape_group",2,39.847173318819,"faissR_cpu_hnsw","hnsw",380.8045,0.9939453125,FALSE,TRUE,TRUE,TRUE,FALSE,1,"faissR_cpu_auto",NA,NA,NA,FALSE,NA,FALSE,NA,TRUE,NA,"faissR_cpu_hnsw","hnsw",380.8045,FALSE
"FlowRepository_FR-FCM-ZYRM_files","560c41ccc6a67aa034a44eb3b14c60ba","cpu","correlation",50,0.9,5220347,32,"large_low_dim","hnsw","same_shape_group",2,21.445016134291,"faissR_cpu_hnsw","hnsw",163.094,0.89451171875,FALSE,FALSE,FALSE,NA,FALSE,NA,"faissR_cpu_auto",NA,NA,NA,FALSE,NA,FALSE,NA,TRUE,NA,NA,NA,NA,NA
"FlowRepository_FR-FCM-ZYRM_files","560c41ccc6a67aa034a44eb3b14c60ba","cpu","correlation",50,0.95,5220347,32,"large_low_dim","hnsw","same_shape_group",2,27.987245845206,"faissR_cpu_hnsw","hnsw",224.4555,0.953828125,FALSE,TRUE,TRUE,TRUE,FALSE,1,"faissR_cpu_auto",NA,NA,NA,FALSE,NA,FALSE,NA,TRUE,NA,"faissR_cpu_hnsw","hnsw",224.4555,FALSE
"FlowRepository_FR-FCM-ZYRM_files","560c41ccc6a67aa034a44eb3b14c60ba","cpu","correlation",50,0.99,5220347,32,"large_low_dim","hnsw","same_shape_group",2,43.5765467338797,"faissR_cpu_hnsw","hnsw",388.3335,0.98951171875,FALSE,FALSE,FALSE,NA,FALSE,NA,"faissR_cpu_auto",NA,NA,NA,FALSE,NA,FALSE,NA,TRUE,NA,NA,NA,NA,NA
"FlowRepository_FR-FCM-ZYRM_files","560c41ccc6a67aa034a44eb3b14c60ba","cpu","cosine",100,0.9,5220347,32,"large_low_dim","hnsw","same_shape_group",2,31.8645753149167,"faissR_cpu_hnsw","hnsw",228.073,0.90158203125,FALSE,TRUE,TRUE,TRUE,FALSE,1,"faissR_cpu_auto",NA,NA,NA,FALSE,NA,FALSE,NA,TRUE,NA,"faissR_cpu_hnsw","hnsw",228.073,FALSE
"FlowRepository_FR-FCM-ZYRM_files","560c41ccc6a67aa034a44eb3b14c60ba","cpu","cosine",100,0.95,5220347,32,"large_low_dim","hnsw","same_shape_group",2,52.5211120312584,"faissR_cpu_hnsw","hnsw",418.6925,0.977216796875,FALSE,TRUE,TRUE,TRUE,FALSE,1,"faissR_cpu_auto",NA,NA,NA,FALSE,NA,FALSE,NA,TRUE,NA,"faissR_cpu_hnsw","hnsw",418.6925,FALSE
"FlowRepository_FR-FCM-ZYRM_files","560c41ccc6a67aa034a44eb3b14c60ba","cpu","cosine",100,0.99,5220347,32,"large_low_dim","hnsw","same_shape_group",2,79.2864587366594,"faissR_cpu_hnsw","hnsw",720.376,0.99640625,FALSE,TRUE,TRUE,TRUE,FALSE,1,"faissR_cpu_auto",NA,NA,NA,FALSE,NA,FALSE,NA,TRUE,NA,"faissR_cpu_hnsw","hnsw",720.376,FALSE
"FlowRepository_FR-FCM-ZYRM_files","560c41ccc6a67aa034a44eb3b14c60ba","cpu","cosine",15,0.9,5220347,32,"large_low_dim","hnsw","same_shape_group",2,15.144677786272,"faissR_cpu_hnsw","hnsw",112.317,0.921875,FALSE,TRUE,TRUE,TRUE,FALSE,1,"faissR_cpu_auto",NA,NA,NA,FALSE,NA,FALSE,NA,TRUE,NA,"faissR_cpu_hnsw","hnsw",112.317,FALSE
"FlowRepository_FR-FCM-ZYRM_files","560c41ccc6a67aa034a44eb3b14c60ba","cpu","cosine",15,0.95,5220347,32,"large_low_dim","hnsw","same_shape_group",2,19.8421795677793,"faissR_cpu_hnsw","hnsw",147.7105,0.952408854166667,FALSE,TRUE,TRUE,TRUE,FALSE,1,"faissR_cpu_auto",NA,NA,NA,FALSE,NA,FALSE,NA,TRUE,NA,"faissR_cpu_hnsw","hnsw",147.7105,FALSE
"FlowRepository_FR-FCM-ZYRM_files","560c41ccc6a67aa034a44eb3b14c60ba","cpu","cosine",15,0.99,5220347,32,"large_low_dim","hnsw","same_shape_group",2,44.5752250134534,"faissR_cpu_hnsw","hnsw",385.6325,0.996484375,FALSE,TRUE,TRUE,TRUE,FALSE,1,"faissR_cpu_auto",NA,NA,NA,FALSE,NA,FALSE,NA,TRUE,NA,"faissR_cpu_hnsw","hnsw",385.6325,FALSE
"FlowRepository_FR-FCM-ZYRM_files","560c41ccc6a67aa034a44eb3b14c60ba","cpu","cosine",30,0.9,5220347,32,"large_low_dim","hnsw","same_shape_group",2,20.4981198650022,"faissR_cpu_hnsw","hnsw",155.7305,0.927213541666667,FALSE,TRUE,TRUE,TRUE,FALSE,1,"faissR_cpu_auto",NA,NA,NA,FALSE,NA,FALSE,NA,TRUE,NA,"faissR_cpu_hnsw","hnsw",155.7305,FALSE
"FlowRepository_FR-FCM-ZYRM_files","560c41ccc6a67aa034a44eb3b14c60ba","cpu","cosine",30,0.95,5220347,32,"large_low_dim","hnsw","same_shape_group",2,27.8641830581842,"faissR_cpu_hnsw","hnsw",220.667,0.969986979166667,FALSE,TRUE,TRUE,TRUE,FALSE,1,"faissR_cpu_auto",NA,NA,NA,FALSE,NA,FALSE,NA,TRUE,NA,"faissR_cpu_hnsw","hnsw",220.667,FALSE
"FlowRepository_FR-FCM-ZYRM_files","560c41ccc6a67aa034a44eb3b14c60ba","cpu","cosine",30,0.99,5220347,32,"large_low_dim","hnsw","same_shape_group",2,45.8454363268581,"faissR_cpu_hnsw","hnsw",385.749,0.994791666666667,FALSE,TRUE,TRUE,TRUE,FALSE,1,"faissR_cpu_auto",NA,NA,NA,FALSE,NA,FALSE,NA,TRUE,NA,"faissR_cpu_hnsw","hnsw",385.749,FALSE
"FlowRepository_FR-FCM-ZYRM_files","560c41ccc6a67aa034a44eb3b14c60ba","cpu","cosine",50,0.9,5220347,32,"large_low_dim","hnsw","same_shape_group",2,22.2428365940588,"faissR_cpu_hnsw","hnsw",165.8355,0.895625,FALSE,FALSE,FALSE,NA,FALSE,NA,"faissR_cpu_auto",NA,NA,NA,FALSE,NA,FALSE,NA,TRUE,NA,NA,NA,NA,NA
"FlowRepository_FR-FCM-ZYRM_files","560c41ccc6a67aa034a44eb3b14c60ba","cpu","cosine",50,0.95,5220347,32,"large_low_dim","hnsw","same_shape_group",2,30.3447181153492,"faissR_cpu_hnsw","hnsw",230.6365,0.9544921875,FALSE,TRUE,TRUE,TRUE,FALSE,1,"faissR_cpu_auto",NA,NA,NA,FALSE,NA,FALSE,NA,TRUE,NA,"faissR_cpu_hnsw","hnsw",230.6365,FALSE
"FlowRepository_FR-FCM-ZYRM_files","560c41ccc6a67aa034a44eb3b14c60ba","cpu","cosine",50,0.99,5220347,32,"large_low_dim","hnsw","same_shape_group",2,46.9377557942431,"faissR_cpu_hnsw","hnsw",399.8695,0.98875,FALSE,FALSE,FALSE,NA,FALSE,NA,"faissR_cpu_auto",NA,NA,NA,FALSE,NA,FALSE,NA,TRUE,NA,NA,NA,NA,NA
"FlowRepository_FR-FCM-ZYRM_files","560c41ccc6a67aa034a44eb3b14c60ba","cpu","euclidean",100,0.9,5220347,32,"large_low_dim","hnsw","same_shape_group",2,24.5737370733472,"faissR_cpu_hnsw","hnsw",205.676,0.90021484375,FALSE,TRUE,TRUE,TRUE,FALSE,1,"faissR_cpu_auto",NA,NA,NA,FALSE,NA,FALSE,NA,TRUE,NA,"faissR_cpu_hnsw","hnsw",205.676,FALSE
"FlowRepository_FR-FCM-ZYRM_files","560c41ccc6a67aa034a44eb3b14c60ba","cpu","euclidean",100,0.95,5220347,32,"large_low_dim","hnsw","same_shape_group",2,43.9016138370789,"faissR_cpu_hnsw","hnsw",405.287,0.9778125,FALSE,TRUE,TRUE,TRUE,FALSE,1,"faissR_cpu_auto",NA,NA,NA,FALSE,NA,FALSE,NA,TRUE,NA,"faissR_cpu_hnsw","hnsw",405.287,FALSE
"FlowRepository_FR-FCM-ZYRM_files","560c41ccc6a67aa034a44eb3b14c60ba","cpu","euclidean",100,0.99,5220347,32,"large_low_dim","hnsw","same_shape_group",2,72.2240658506567,"faissR_cpu_hnsw","hnsw",714.8335,0.996533203125,FALSE,TRUE,TRUE,TRUE,FALSE,1,"faissR_cpu_auto",NA,NA,NA,FALSE,NA,FALSE,NA,TRUE,NA,"faissR_cpu_hnsw","hnsw",714.8335,FALSE
"FlowRepository_FR-FCM-ZYRM_files","560c41ccc6a67aa034a44eb3b14c60ba","cpu","euclidean",15,0.9,5220347,32,"large_low_dim","hnsw","same_shape_group",2,13.8038943780369,"faissR_cpu_hnsw","hnsw",117.624,0.915755208333333,FALSE,TRUE,TRUE,TRUE,FALSE,1,"faissR_cpu_auto",NA,NA,NA,FALSE,NA,FALSE,NA,TRUE,NA,"faissR_cpu_hnsw","hnsw",117.624,FALSE
"FlowRepository_FR-FCM-ZYRM_files","560c41ccc6a67aa034a44eb3b14c60ba","cpu","euclidean",15,0.95,5220347,32,"large_low_dim","hnsw","same_shape_group",2,18.2400749998458,"faissR_cpu_hnsw","hnsw",156.0155,0.951041666666667,FALSE,TRUE,TRUE,TRUE,FALSE,1,"faissR_cpu_auto",NA,NA,NA,FALSE,NA,FALSE,NA,TRUE,NA,"faissR_cpu_hnsw","hnsw",156.0155,FALSE
"FlowRepository_FR-FCM-ZYRM_files","560c41ccc6a67aa034a44eb3b14c60ba","cpu","euclidean",15,0.99,5220347,32,"large_low_dim","hnsw","same_shape_group",2,41.7577733781388,"faissR_cpu_hnsw","hnsw",397.697,0.995833333333333,FALSE,TRUE,TRUE,TRUE,FALSE,1,"faissR_cpu_auto",NA,NA,NA,FALSE,NA,FALSE,NA,TRUE,NA,"faissR_cpu_hnsw","hnsw",397.697,FALSE
"FlowRepository_FR-FCM-ZYRM_files","560c41ccc6a67aa034a44eb3b14c60ba","cpu","euclidean",30,0.9,5220347,32,"large_low_dim","hnsw","same_shape_group",2,18.7129716373429,"faissR_cpu_hnsw","hnsw",156.7695,0.924348958333333,FALSE,TRUE,TRUE,TRUE,FALSE,1,"faissR_cpu_auto",NA,NA,NA,FALSE,NA,FALSE,NA,TRUE,NA,"faissR_cpu_hnsw","hnsw",156.7695,FALSE
"FlowRepository_FR-FCM-ZYRM_files","560c41ccc6a67aa034a44eb3b14c60ba","cpu","euclidean",30,0.95,5220347,32,"large_low_dim","hnsw","same_shape_group",2,25.558941092111,"faissR_cpu_hnsw","hnsw",226.2915,0.968717447916667,FALSE,TRUE,TRUE,TRUE,FALSE,1,"faissR_cpu_auto",NA,NA,NA,FALSE,NA,FALSE,NA,TRUE,NA,"faissR_cpu_hnsw","hnsw",226.2915,FALSE
"FlowRepository_FR-FCM-ZYRM_files","560c41ccc6a67aa034a44eb3b14c60ba","cpu","euclidean",30,0.99,5220347,32,"large_low_dim","hnsw","same_shape_group",2,41.9110803278799,"faissR_cpu_hnsw","hnsw",398.7175,0.993977864583333,FALSE,TRUE,TRUE,TRUE,FALSE,1,"faissR_cpu_auto",NA,NA,NA,FALSE,NA,FALSE,NA,TRUE,NA,"faissR_cpu_hnsw","hnsw",398.7175,FALSE
"FlowRepository_FR-FCM-ZYRM_files","560c41ccc6a67aa034a44eb3b14c60ba","cpu","euclidean",50,0.9,5220347,32,"large_low_dim","hnsw","same_shape_group",2,18.8038011050957,"faissR_cpu_hnsw","hnsw",159.6625,0.89384765625,FALSE,FALSE,FALSE,NA,FALSE,NA,"faissR_cpu_auto",NA,NA,NA,FALSE,NA,FALSE,NA,TRUE,NA,NA,NA,NA,NA
"FlowRepository_FR-FCM-ZYRM_files","560c41ccc6a67aa034a44eb3b14c60ba","cpu","euclidean",50,0.95,5220347,32,"large_low_dim","hnsw","same_shape_group",2,25.6319209970693,"faissR_cpu_hnsw","hnsw",231.004,0.9530859375,FALSE,TRUE,TRUE,TRUE,FALSE,1,"faissR_cpu_auto",NA,NA,NA,FALSE,NA,FALSE,NA,TRUE,NA,"faissR_cpu_hnsw","hnsw",231.004,FALSE
"FlowRepository_FR-FCM-ZYRM_files","560c41ccc6a67aa034a44eb3b14c60ba","cpu","euclidean",50,0.99,5220347,32,"large_low_dim","hnsw","same_shape_group",2,42.5452831169332,"faissR_cpu_hnsw","hnsw",405.809,0.98951171875,FALSE,FALSE,FALSE,NA,FALSE,NA,"faissR_cpu_auto",NA,NA,NA,FALSE,NA,FALSE,NA,TRUE,NA,NA,NA,NA,NA
"MNIST","b63d063e7332b8e685cd6decd766326c","cpu","correlation",100,0.9,70000,784,"medium_high_dim","hnsw","same_shape_group",1,5.8585,"faissR_cpu_hnsw","hnsw",4.7905,0.9920703125,FALSE,TRUE,TRUE,TRUE,FALSE,1,"faissR_cpu_auto","faiss_flat_correlation","exact_family",84.904,FALSE,NA,FALSE,FALSE,TRUE,NA,"faissR_cpu_hnsw","hnsw",4.7905,FALSE
"MNIST","b63d063e7332b8e685cd6decd766326c","cpu","correlation",100,0.95,70000,784,"medium_high_dim","hnsw","same_shape_group",1,7.3625,"faissR_cpu_hnsw","hnsw",6.5975,0.997197265625,FALSE,TRUE,TRUE,TRUE,FALSE,1,"faissR_cpu_auto","faiss_flat_correlation","exact_family",88.37,FALSE,NA,FALSE,FALSE,TRUE,NA,"faissR_cpu_hnsw","hnsw",6.5975,FALSE
"MNIST","b63d063e7332b8e685cd6decd766326c","cpu","correlation",100,0.99,70000,784,"medium_high_dim","hnsw","same_shape_group",1,10.1995,"faissR_cpu_hnsw","hnsw",9.707,0.999609375,FALSE,TRUE,TRUE,TRUE,FALSE,1,"faissR_cpu_auto","faiss_flat_correlation","exact_family",76.61,FALSE,NA,FALSE,FALSE,TRUE,NA,"faissR_cpu_hnsw","hnsw",9.707,FALSE
"MNIST","b63d063e7332b8e685cd6decd766326c","cpu","correlation",15,0.9,70000,784,"medium_high_dim","hnsw","same_shape_group",1,4.012,"faissR_cpu_hnsw","hnsw",4.028,0.9986328125,FALSE,TRUE,TRUE,TRUE,FALSE,1,"faissR_cpu_auto","faiss_flat_correlation","exact_family",74.258,FALSE,NA,FALSE,FALSE,TRUE,NA,"faissR_cpu_hnsw","hnsw",4.028,FALSE
"MNIST","b63d063e7332b8e685cd6decd766326c","cpu","correlation",15,0.95,70000,784,"medium_high_dim","hnsw","same_shape_group",1,6.785,"faissR_cpu_hnsw","hnsw",6.0305,0.999934895833333,FALSE,TRUE,TRUE,TRUE,FALSE,1,"faissR_cpu_auto","faiss_flat_correlation","exact_family",94.522,FALSE,NA,FALSE,FALSE,TRUE,NA,"faissR_cpu_hnsw","hnsw",6.0305,FALSE
"MNIST","b63d063e7332b8e685cd6decd766326c","cpu","correlation",15,0.99,70000,784,"medium_high_dim","hnsw","same_shape_group",1,9.725,"faissR_cpu_hnsw","hnsw",9.081,0.999934895833333,FALSE,TRUE,TRUE,TRUE,FALSE,1,"faissR_cpu_auto","faiss_flat_correlation","exact_family",86.357,FALSE,NA,FALSE,FALSE,TRUE,NA,"faissR_cpu_hnsw","hnsw",9.081,FALSE
"MNIST","b63d063e7332b8e685cd6decd766326c","cpu","correlation",30,0.9,70000,784,"medium_high_dim","hnsw","same_shape_group",1,4.578,"faissR_cpu_hnsw","hnsw",4.15,0.997786458333333,FALSE,TRUE,TRUE,TRUE,FALSE,1,"faissR_cpu_auto","faiss_flat_correlation","exact_family",83.944,FALSE,NA,FALSE,FALSE,TRUE,NA,"faissR_cpu_hnsw","hnsw",4.15,FALSE
"MNIST","b63d063e7332b8e685cd6decd766326c","cpu","correlation",30,0.95,70000,784,"medium_high_dim","hnsw","same_shape_group",1,6.376,"faissR_cpu_hnsw","hnsw",6.092,0.99970703125,FALSE,TRUE,TRUE,TRUE,FALSE,1,"faissR_cpu_auto","faiss_flat_correlation","exact_family",92.588,FALSE,NA,FALSE,FALSE,TRUE,NA,"faissR_cpu_hnsw","hnsw",6.092,FALSE
"MNIST","b63d063e7332b8e685cd6decd766326c","cpu","correlation",30,0.99,70000,784,"medium_high_dim","hnsw","same_shape_group",1,8.914,"faissR_cpu_hnsw","hnsw",9.166,0.9998046875,FALSE,TRUE,TRUE,TRUE,FALSE,1,"faissR_cpu_auto","faiss_flat_correlation","exact_family",99.437,FALSE,NA,FALSE,FALSE,TRUE,NA,"faissR_cpu_hnsw","hnsw",9.166,FALSE
"MNIST","b63d063e7332b8e685cd6decd766326c","cpu","correlation",50,0.9,70000,784,"medium_high_dim","hnsw","same_shape_group",1,4.642,"faissR_cpu_hnsw","hnsw",4.3465,0.99548828125,FALSE,TRUE,TRUE,TRUE,FALSE,1,"faissR_cpu_auto","faiss_flat_correlation","exact_family",90.852,FALSE,NA,FALSE,FALSE,TRUE,NA,"faissR_cpu_hnsw","hnsw",4.3465,FALSE
"MNIST","b63d063e7332b8e685cd6decd766326c","cpu","correlation",50,0.95,70000,784,"medium_high_dim","hnsw","same_shape_group",1,6.631,"faissR_cpu_hnsw","hnsw",6.1585,0.999375,FALSE,TRUE,TRUE,TRUE,FALSE,1,"faissR_cpu_auto","faiss_flat_correlation","exact_family",83.694,FALSE,NA,FALSE,FALSE,TRUE,NA,"faissR_cpu_hnsw","hnsw",6.1585,FALSE
"MNIST","b63d063e7332b8e685cd6decd766326c","cpu","correlation",50,0.99,70000,784,"medium_high_dim","hnsw","same_shape_group",1,9.769,"faissR_cpu_hnsw","hnsw",9.3255,0.99982421875,FALSE,TRUE,TRUE,TRUE,FALSE,1,"faissR_cpu_auto","faiss_flat_correlation","exact_family",95.092,FALSE,NA,FALSE,FALSE,TRUE,NA,"faissR_cpu_hnsw","hnsw",9.3255,FALSE
"MNIST","b63d063e7332b8e685cd6decd766326c","cpu","cosine",100,0.9,70000,784,"medium_high_dim","hnsw","same_shape_group",1,4.067,"faissR_cpu_hnsw","hnsw",5.636,0.9919140625,FALSE,TRUE,TRUE,TRUE,FALSE,1,"faissR_cpu_auto","faiss_flat_cosine","exact_family",81.5775,FALSE,NA,FALSE,FALSE,TRUE,NA,"faissR_cpu_hnsw","hnsw",5.636,FALSE
"MNIST","b63d063e7332b8e685cd6decd766326c","cpu","cosine",100,0.95,70000,784,"medium_high_dim","hnsw","same_shape_group",1,5.2135,"faissR_cpu_hnsw","hnsw",8.3755,0.9972265625,FALSE,TRUE,TRUE,TRUE,FALSE,1,"faissR_cpu_auto","faiss_flat_cosine","exact_family",69.968,FALSE,NA,FALSE,FALSE,TRUE,NA,"faissR_cpu_hnsw","hnsw",8.3755,FALSE
"MNIST","b63d063e7332b8e685cd6decd766326c","cpu","cosine",100,0.99,70000,784,"medium_high_dim","hnsw","same_shape_group",1,7.4545,"faissR_cpu_hnsw","hnsw",13.0095,0.99962890625,FALSE,TRUE,TRUE,TRUE,FALSE,1,"faissR_cpu_auto","faiss_flat_cosine","exact_family",77.6985,FALSE,NA,FALSE,FALSE,TRUE,NA,"faissR_cpu_hnsw","hnsw",13.0095,FALSE
"MNIST","b63d063e7332b8e685cd6decd766326c","cpu","cosine",15,0.9,70000,784,"medium_high_dim","hnsw","same_shape_group",1,3.332,"faissR_cpu_hnsw","hnsw",4.9785,0.9990234375,FALSE,TRUE,TRUE,TRUE,FALSE,1,"faissR_cpu_auto","faiss_flat_cosine","exact_family",77.5695,FALSE,NA,FALSE,FALSE,TRUE,NA,"faissR_cpu_hnsw","hnsw",4.9785,FALSE
"MNIST","b63d063e7332b8e685cd6decd766326c","cpu","cosine",15,0.95,70000,784,"medium_high_dim","hnsw","same_shape_group",1,4.758,"faissR_cpu_hnsw","hnsw",6.711,0.999869791666667,FALSE,TRUE,TRUE,TRUE,FALSE,1,"faissR_cpu_auto","faiss_flat_cosine","exact_family",83.503,FALSE,NA,FALSE,FALSE,TRUE,NA,"faissR_cpu_hnsw","hnsw",6.711,FALSE
"MNIST","b63d063e7332b8e685cd6decd766326c","cpu","cosine",15,0.99,70000,784,"medium_high_dim","hnsw","same_shape_group",1,6.8995,"faissR_cpu_hnsw","hnsw",10.2935,0.999934895833333,FALSE,TRUE,TRUE,TRUE,FALSE,1,"faissR_cpu_auto","faiss_flat_cosine","exact_family",88.158,FALSE,NA,FALSE,FALSE,TRUE,NA,"faissR_cpu_hnsw","hnsw",10.2935,FALSE
"MNIST","b63d063e7332b8e685cd6decd766326c","cpu","cosine",30,0.9,70000,784,"medium_high_dim","hnsw","same_shape_group",1,3.395,"faissR_cpu_hnsw","hnsw",4.557,0.997721354166667,FALSE,TRUE,TRUE,TRUE,FALSE,1,"faissR_cpu_auto","faiss_flat_cosine","exact_family",74.1535,FALSE,NA,FALSE,FALSE,TRUE,NA,"faissR_cpu_hnsw","hnsw",4.557,FALSE
"MNIST","b63d063e7332b8e685cd6decd766326c","cpu","cosine",30,0.95,70000,784,"medium_high_dim","hnsw","same_shape_group",1,4.879,"faissR_cpu_hnsw","hnsw",6.315,0.999609375,FALSE,TRUE,TRUE,TRUE,FALSE,1,"faissR_cpu_auto","faiss_flat_cosine","exact_family",95.7345,FALSE,NA,FALSE,FALSE,TRUE,NA,"faissR_cpu_hnsw","hnsw",6.315,FALSE
"MNIST","b63d063e7332b8e685cd6decd766326c","cpu","cosine",30,0.99,70000,784,"medium_high_dim","hnsw","same_shape_group",1,7.0255,"faissR_cpu_hnsw","hnsw",9.331,0.999837239583333,FALSE,TRUE,TRUE,TRUE,FALSE,1,"faissR_cpu_auto","faiss_flat_cosine","exact_family",63.722,FALSE,NA,FALSE,FALSE,TRUE,NA,"faissR_cpu_hnsw","hnsw",9.331,FALSE
"MNIST","b63d063e7332b8e685cd6decd766326c","cpu","cosine",50,0.9,70000,784,"medium_high_dim","hnsw","same_shape_group",1,3.4955,"faissR_cpu_hnsw","hnsw",4.668,0.99572265625,FALSE,TRUE,TRUE,TRUE,FALSE,1,"faissR_cpu_auto","faiss_flat_cosine","exact_family",75.623,FALSE,NA,FALSE,FALSE,TRUE,NA,"faissR_cpu_hnsw","hnsw",4.668,FALSE
"MNIST","b63d063e7332b8e685cd6decd766326c","cpu","cosine",50,0.95,70000,784,"medium_high_dim","hnsw","same_shape_group",1,4.993,"faissR_cpu_hnsw","hnsw",7.339,0.99923828125,FALSE,TRUE,TRUE,TRUE,FALSE,1,"faissR_cpu_auto","faiss_flat_cosine","exact_family",75.5065,FALSE,NA,FALSE,FALSE,TRUE,NA,"faissR_cpu_hnsw","hnsw",7.339,FALSE
"MNIST","b63d063e7332b8e685cd6decd766326c","cpu","cosine",50,0.99,70000,784,"medium_high_dim","hnsw","same_shape_group",1,7.1385,"faissR_cpu_hnsw","hnsw",11.982,0.9998828125,FALSE,TRUE,TRUE,TRUE,FALSE,1,"faissR_cpu_auto","faiss_flat_cosine","exact_family",72.6945,FALSE,NA,FALSE,FALSE,TRUE,NA,"faissR_cpu_hnsw","hnsw",11.982,FALSE
"MNIST","b63d063e7332b8e685cd6decd766326c","cpu","euclidean",100,0.9,70000,784,"medium_high_dim","hnsw","same_shape_group",1,2.944,"faissR_cpu_hnsw","hnsw",3.299,0.98310546875,FALSE,TRUE,TRUE,TRUE,FALSE,1,"faissR_cpu_auto","faiss_flat_l2","exact_family",101.9235,FALSE,NA,FALSE,FALSE,TRUE,NA,"faissR_cpu_hnsw","hnsw",3.299,FALSE
"MNIST","b63d063e7332b8e685cd6decd766326c","cpu","euclidean",100,0.95,70000,784,"medium_high_dim","hnsw","same_shape_group",1,3.7435,"faissR_cpu_hnsw","hnsw",4.257,0.9899609375,FALSE,TRUE,TRUE,TRUE,FALSE,1,"faissR_cpu_auto","faiss_flat_l2","exact_family",95.5985,FALSE,NA,FALSE,FALSE,TRUE,NA,"faissR_cpu_hnsw","hnsw",4.257,FALSE
"MNIST","b63d063e7332b8e685cd6decd766326c","cpu","euclidean",100,0.99,70000,784,"medium_high_dim","hnsw","same_shape_group",1,5.0135,"faissR_cpu_hnsw","hnsw",6.0435,0.9959765625,FALSE,TRUE,TRUE,TRUE,FALSE,1,"faissR_cpu_auto","faiss_flat_l2","exact_family",98.236,FALSE,NA,FALSE,FALSE,TRUE,NA,"faissR_cpu_hnsw","hnsw",6.0435,FALSE
"MNIST","b63d063e7332b8e685cd6decd766326c","cpu","euclidean",15,0.9,70000,784,"medium_high_dim","hnsw","same_shape_group",1,2.686,"faissR_cpu_hnsw","hnsw",3.0625,0.995377604166667,FALSE,TRUE,TRUE,TRUE,FALSE,1,"faissR_cpu_auto","faiss_flat_l2","exact_family",95.8925,FALSE,NA,FALSE,FALSE,TRUE,NA,"faissR_cpu_hnsw","hnsw",3.0625,FALSE
"MNIST","b63d063e7332b8e685cd6decd766326c","cpu","euclidean",15,0.95,70000,784,"medium_high_dim","hnsw","same_shape_group",1,3.384,"faissR_cpu_hnsw","hnsw",3.863,0.998177083333333,FALSE,TRUE,TRUE,TRUE,FALSE,1,"faissR_cpu_auto","faiss_flat_l2","exact_family",87.0695,FALSE,NA,FALSE,FALSE,TRUE,NA,"faissR_cpu_hnsw","hnsw",3.863,FALSE
"MNIST","b63d063e7332b8e685cd6decd766326c","cpu","euclidean",15,0.99,70000,784,"medium_high_dim","hnsw","same_shape_group",1,4.9545,"faissR_cpu_hnsw","hnsw",5.8825,0.999479166666667,FALSE,TRUE,TRUE,TRUE,FALSE,1,"faissR_cpu_auto","faiss_flat_l2","exact_family",99.4355,FALSE,NA,FALSE,FALSE,TRUE,NA,"faissR_cpu_hnsw","hnsw",5.8825,FALSE
"MNIST","b63d063e7332b8e685cd6decd766326c","cpu","euclidean",30,0.9,70000,784,"medium_high_dim","hnsw","same_shape_group",1,2.6815,"faissR_cpu_hnsw","hnsw",3.031,0.992122395833333,FALSE,TRUE,TRUE,TRUE,FALSE,1,"faissR_cpu_auto","faiss_flat_l2","exact_family",94.3545,FALSE,NA,FALSE,FALSE,TRUE,NA,"faissR_cpu_hnsw","hnsw",3.031,FALSE
"MNIST","b63d063e7332b8e685cd6decd766326c","cpu","euclidean",30,0.95,70000,784,"medium_high_dim","hnsw","same_shape_group",1,3.409,"faissR_cpu_hnsw","hnsw",3.85,0.99716796875,FALSE,TRUE,TRUE,TRUE,FALSE,1,"faissR_cpu_auto","faiss_flat_l2","exact_family",89.5195,FALSE,NA,FALSE,FALSE,TRUE,NA,"faissR_cpu_hnsw","hnsw",3.85,FALSE
"MNIST","b63d063e7332b8e685cd6decd766326c","cpu","euclidean",30,0.99,70000,784,"medium_high_dim","hnsw","same_shape_group",1,4.99,"faissR_cpu_hnsw","hnsw",5.898,0.999283854166667,FALSE,TRUE,TRUE,TRUE,FALSE,1,"faissR_cpu_auto","faiss_flat_l2","exact_family",93.7455,FALSE,NA,FALSE,FALSE,TRUE,NA,"faissR_cpu_hnsw","hnsw",5.898,FALSE
"MNIST","b63d063e7332b8e685cd6decd766326c","cpu","euclidean",50,0.9,70000,784,"medium_high_dim","hnsw","same_shape_group",1,2.7185,"faissR_cpu_hnsw","hnsw",3.0395,0.98546875,FALSE,TRUE,TRUE,TRUE,FALSE,1,"faissR_cpu_auto","faiss_flat_l2","exact_family",85.621,FALSE,NA,FALSE,FALSE,TRUE,NA,"faissR_cpu_hnsw","hnsw",3.0395,FALSE
"MNIST","b63d063e7332b8e685cd6decd766326c","cpu","euclidean",50,0.95,70000,784,"medium_high_dim","hnsw","same_shape_group",1,3.406,"faissR_cpu_hnsw","hnsw",3.881,0.99474609375,FALSE,TRUE,TRUE,TRUE,FALSE,1,"faissR_cpu_auto","faiss_flat_l2","exact_family",92.1695,FALSE,NA,FALSE,FALSE,TRUE,NA,"faissR_cpu_hnsw","hnsw",3.881,FALSE
"MNIST","b63d063e7332b8e685cd6decd766326c","cpu","euclidean",50,0.99,70000,784,"medium_high_dim","hnsw","same_shape_group",1,4.999,"faissR_cpu_hnsw","hnsw",6.058,0.99869140625,FALSE,TRUE,TRUE,TRUE,FALSE,1,"faissR_cpu_auto","faiss_flat_l2","exact_family",97.051,FALSE,NA,FALSE,FALSE,TRUE,NA,"faissR_cpu_hnsw","hnsw",6.058,FALSE
"MetRef","500e69ce3c5bebc2f57687c93426ed58","cpu","correlation",100,0.9,873,375,"small_high_dim","hnsw","same_shape_group",2,0.42244999704107,"faissR_cpu_hnsw","hnsw",0.052,0.994066437571592,FALSE,TRUE,TRUE,TRUE,FALSE,1,"faissR_cpu_auto","faiss_flat_correlation","exact_family",0.1745,FALSE,NA,FALSE,FALSE,TRUE,NA,"faissR_cpu_hnsw","hnsw",0.052,FALSE
"MetRef","500e69ce3c5bebc2f57687c93426ed58","cpu","correlation",100,0.95,873,375,"small_high_dim","hnsw","same_shape_group",2,0.440227214061103,"faissR_cpu_hnsw","hnsw",0.046,0.994295532646048,FALSE,TRUE,TRUE,TRUE,FALSE,1,"faissR_cpu_auto","faiss_flat_correlation","exact_family",0.1495,FALSE,NA,FALSE,FALSE,TRUE,NA,"faissR_cpu_hnsw","hnsw",0.046,FALSE
"MetRef","500e69ce3c5bebc2f57687c93426ed58","cpu","correlation",100,0.99,873,375,"small_high_dim","exact","same_shape_group",2,1.28870293318515,"faissR_cpu_exact","exact_family",0.109,1,TRUE,NA,TRUE,FALSE,FALSE,2.03738317757009,"faissR_cpu_auto","faiss_flat_correlation","exact_family",0.1945,FALSE,NA,FALSE,FALSE,TRUE,NA,"faissR_cpu_hnsw","hnsw",0.0535,FALSE
"MetRef","500e69ce3c5bebc2f57687c93426ed58","cpu","correlation",15,0.9,873,375,"small_high_dim","hnsw","same_shape_group",2,0.276665863452649,"faissR_cpu_hnsw","hnsw",0.0375,0.980832378770523,FALSE,TRUE,TRUE,TRUE,FALSE,1,"faissR_cpu_auto","faiss_flat_correlation","exact_family",0.1305,FALSE,NA,FALSE,FALSE,TRUE,NA,"faissR_cpu_hnsw","hnsw",0.0375,FALSE
"MetRef","500e69ce3c5bebc2f57687c93426ed58","cpu","correlation",15,0.95,873,375,"small_high_dim","hnsw","same_shape_group",2,0.26651923007543,"faissR_cpu_hnsw","hnsw",0.0365,0.981137838869798,FALSE,TRUE,TRUE,TRUE,FALSE,1,"faissR_cpu_auto","faiss_flat_correlation","exact_family",0.107,FALSE,NA,FALSE,FALSE,TRUE,NA,"faissR_cpu_hnsw","hnsw",0.0365,FALSE
"MetRef","500e69ce3c5bebc2f57687c93426ed58","cpu","correlation",15,0.99,873,375,"small_high_dim","exact","same_shape_group",2,0.956983542178234,"faissR_cpu_exact","exact_family",0.0595,1,TRUE,NA,TRUE,TRUE,FALSE,1,"faissR_cpu_auto","faiss_flat_correlation","exact_family",0.0924999999999999,FALSE,NA,FALSE,TRUE,TRUE,NA,"faissR_cpu_exact","exact_family",0.0595,TRUE
"MetRef","500e69ce3c5bebc2f57687c93426ed58","cpu","correlation",30,0.9,873,375,"small_high_dim","hnsw","same_shape_group",2,0.290659594715193,"faissR_cpu_hnsw","hnsw",0.0355,0.974112256586483,FALSE,TRUE,TRUE,TRUE,FALSE,1,"faissR_cpu_auto","faiss_flat_correlation","exact_family",0.143,FALSE,NA,FALSE,FALSE,TRUE,NA,"faissR_cpu_hnsw","hnsw",0.0355,FALSE
"MetRef","500e69ce3c5bebc2f57687c93426ed58","cpu","correlation",30,0.95,873,375,"small_high_dim","hnsw","same_shape_group",2,0.277301730971878,"faissR_cpu_hnsw","hnsw",0.033,0.973081328751432,FALSE,TRUE,TRUE,TRUE,FALSE,1,"faissR_cpu_auto","faiss_flat_correlation","exact_family",0.125,FALSE,NA,FALSE,FALSE,TRUE,NA,"faissR_cpu_hnsw","hnsw",0.033,FALSE
"MetRef","500e69ce3c5bebc2f57687c93426ed58","cpu","correlation",30,0.99,873,375,"small_high_dim","hnsw","same_shape_group",2,0.424073991185501,"faissR_cpu_hnsw","hnsw",0.045,0.999885452462772,FALSE,TRUE,TRUE,TRUE,FALSE,1,"faissR_cpu_auto","faiss_flat_correlation","exact_family",0.17,FALSE,NA,FALSE,FALSE,TRUE,NA,"faissR_cpu_hnsw","hnsw",0.045,FALSE
"MetRef","500e69ce3c5bebc2f57687c93426ed58","cpu","correlation",50,0.9,873,375,"small_high_dim","hnsw","same_shape_group",2,0.355919583614052,"faissR_cpu_hnsw","hnsw",0.0405,0.966254295532646,FALSE,TRUE,TRUE,TRUE,FALSE,1,"faissR_cpu_auto","faiss_flat_correlation","exact_family",0.121,FALSE,NA,FALSE,FALSE,TRUE,NA,"faissR_cpu_hnsw","hnsw",0.0405,FALSE
"MetRef","500e69ce3c5bebc2f57687c93426ed58","cpu","correlation",50,0.95,873,375,"small_high_dim","hnsw","same_shape_group",1,0.588,"faissR_cpu_hnsw","hnsw",0.0359999999999999,0.966162657502864,FALSE,TRUE,TRUE,TRUE,FALSE,1,"faissR_cpu_auto","faiss_flat_correlation","exact_family",0.119,FALSE,NA,FALSE,FALSE,TRUE,NA,"faissR_cpu_hnsw","hnsw",0.0359999999999999,FALSE
"MetRef","500e69ce3c5bebc2f57687c93426ed58","cpu","correlation",50,0.99,873,375,"small_high_dim","hnsw","same_shape_group",2,0.410044509779121,"faissR_cpu_hnsw","hnsw",0.0465,0.996930126002291,FALSE,TRUE,TRUE,TRUE,FALSE,1,"faissR_cpu_auto","faiss_flat_correlation","exact_family",0.118,FALSE,NA,FALSE,FALSE,TRUE,NA,"faissR_cpu_hnsw","hnsw",0.0465,FALSE
"MetRef","500e69ce3c5bebc2f57687c93426ed58","cpu","cosine",100,0.9,873,375,"small_high_dim","hnsw","same_shape_group",2,0.352966358170294,"faissR_cpu_hnsw","hnsw",0.042,0.987239404352806,FALSE,TRUE,TRUE,TRUE,FALSE,1,"faissR_cpu_auto","faiss_flat_cosine","exact_family",0.119,FALSE,NA,FALSE,FALSE,TRUE,NA,"faissR_cpu_hnsw","hnsw",0.042,FALSE
"MetRef","500e69ce3c5bebc2f57687c93426ed58","cpu","cosine",100,0.95,873,375,"small_high_dim","hnsw","same_shape_group",2,0.347439203314767,"faissR_cpu_hnsw","hnsw",0.048,0.986689576174112,FALSE,TRUE,TRUE,TRUE,FALSE,1,"faissR_cpu_auto","faiss_flat_cosine","exact_family",0.149,FALSE,NA,FALSE,FALSE,TRUE,NA,"faissR_cpu_hnsw","hnsw",0.048,FALSE
"MetRef","500e69ce3c5bebc2f57687c93426ed58","cpu","cosine",100,0.99,873,375,"small_high_dim","hnsw","same_shape_group",2,0.456234588780816,"faissR_cpu_hnsw","hnsw",0.047,0.998957617411226,FALSE,TRUE,TRUE,TRUE,FALSE,1,"faissR_cpu_auto","faiss_flat_cosine","exact_family",0.151,FALSE,NA,FALSE,FALSE,TRUE,NA,"faissR_cpu_hnsw","hnsw",0.047,FALSE
"MetRef","500e69ce3c5bebc2f57687c93426ed58","cpu","cosine",15,0.9,873,375,"small_high_dim","hnsw","same_shape_group",2,0.244104997900494,"faissR_cpu_hnsw","hnsw",0.0355,0.959831996945399,FALSE,TRUE,TRUE,TRUE,FALSE,1,"faissR_cpu_auto","faiss_flat_cosine","exact_family",0.0889999999999999,FALSE,NA,FALSE,FALSE,TRUE,NA,"faissR_cpu_hnsw","hnsw",0.0355,FALSE
"MetRef","500e69ce3c5bebc2f57687c93426ed58","cpu","cosine",15,0.95,873,375,"small_high_dim","hnsw","same_shape_group",2,0.238115518183927,"faissR_cpu_hnsw","hnsw",0.028,0.982359679266896,FALSE,TRUE,TRUE,TRUE,FALSE,1,"faissR_cpu_auto","faiss_flat_cosine","exact_family",0.109,FALSE,NA,FALSE,FALSE,TRUE,NA,"faissR_cpu_hnsw","hnsw",0.028,FALSE
"MetRef","500e69ce3c5bebc2f57687c93426ed58","cpu","cosine",15,0.99,873,375,"small_high_dim","exact","same_shape_group",2,1.04283555750655,"faissR_cpu_exact","exact_family",0.0895,1,TRUE,NA,TRUE,FALSE,FALSE,1.88421052631579,"faissR_cpu_auto","faiss_flat_cosine","exact_family",0.119,FALSE,NA,FALSE,FALSE,TRUE,NA,"faissR_cpu_hnsw","hnsw",0.0474999999999999,FALSE
"MetRef","500e69ce3c5bebc2f57687c93426ed58","cpu","cosine",30,0.9,873,375,"small_high_dim","hnsw","same_shape_group",2,0.281545733407558,"faissR_cpu_hnsw","hnsw",0.0345,0.996907216494845,FALSE,TRUE,TRUE,TRUE,FALSE,1,"faissR_cpu_auto","faiss_flat_cosine","exact_family",0.112,FALSE,NA,FALSE,FALSE,TRUE,NA,"faissR_cpu_hnsw","hnsw",0.0345,FALSE
"MetRef","500e69ce3c5bebc2f57687c93426ed58","cpu","cosine",30,0.95,873,375,"small_high_dim","hnsw","same_shape_group",2,0.286635657237546,"faissR_cpu_hnsw","hnsw",0.0355,0.997098129056892,FALSE,TRUE,TRUE,TRUE,FALSE,1,"faissR_cpu_auto","faiss_flat_cosine","exact_family",0.1145,FALSE,NA,FALSE,FALSE,TRUE,NA,"faissR_cpu_hnsw","hnsw",0.0355,FALSE
"MetRef","500e69ce3c5bebc2f57687c93426ed58","cpu","cosine",30,0.99,873,375,"small_high_dim","exact","same_shape_group",2,0.998705286858941,"faissR_cpu_exact","exact_family",0.1295,1,TRUE,NA,TRUE,FALSE,FALSE,3.15853658536585,"faissR_cpu_auto","faiss_flat_cosine","exact_family",0.13,FALSE,NA,FALSE,FALSE,TRUE,NA,"faissR_cpu_hnsw","hnsw",0.041,FALSE
"MetRef","500e69ce3c5bebc2f57687c93426ed58","cpu","cosine",50,0.9,873,375,"small_high_dim","hnsw","same_shape_group",2,0.268159467481571,"faissR_cpu_hnsw","hnsw",0.0365,0.976013745704467,FALSE,TRUE,TRUE,TRUE,FALSE,1,"faissR_cpu_auto","faiss_flat_cosine","exact_family",0.0980000000000001,FALSE,NA,FALSE,FALSE,TRUE,NA,"faissR_cpu_hnsw","hnsw",0.0365,FALSE
"MetRef","500e69ce3c5bebc2f57687c93426ed58","cpu","cosine",50,0.95,873,375,"small_high_dim","hnsw","same_shape_group",2,0.305418565251034,"faissR_cpu_hnsw","hnsw",0.0415,0.976403207331042,FALSE,TRUE,TRUE,TRUE,FALSE,1,"faissR_cpu_auto","faiss_flat_cosine","exact_family",0.084,FALSE,NA,FALSE,FALSE,TRUE,NA,"faissR_cpu_hnsw","hnsw",0.0415,FALSE
"MetRef","500e69ce3c5bebc2f57687c93426ed58","cpu","cosine",50,0.99,873,375,"small_high_dim","exact","same_shape_group",2,1.40991223131087,"faissR_cpu_exact","exact_family",0.0785,1,TRUE,NA,TRUE,FALSE,FALSE,1.86904761904762,"faissR_cpu_auto","faiss_flat_cosine","exact_family",0.125,FALSE,NA,FALSE,FALSE,TRUE,NA,"faissR_cpu_hnsw","hnsw",0.042,FALSE
"MetRef","500e69ce3c5bebc2f57687c93426ed58","cpu","euclidean",100,0.9,873,375,"small_high_dim","hnsw","same_shape_group",2,0.258232937480872,"faissR_cpu_hnsw","hnsw",0.039,0.994054982817869,FALSE,TRUE,TRUE,TRUE,FALSE,1,"faissR_cpu_auto","faiss_flat_l2","exact_family",0.0960000000000001,FALSE,NA,FALSE,FALSE,TRUE,NA,"faissR_cpu_hnsw","hnsw",0.039,FALSE
"MetRef","500e69ce3c5bebc2f57687c93426ed58","cpu","euclidean",100,0.95,873,375,"small_high_dim","hnsw","same_shape_group",2,0.277668867538296,"faissR_cpu_hnsw","hnsw",0.0395,0.994192439862543,FALSE,TRUE,TRUE,TRUE,FALSE,1,"faissR_cpu_auto","faiss_flat_l2","exact_family",0.135,FALSE,NA,FALSE,FALSE,TRUE,NA,"faissR_cpu_hnsw","hnsw",0.0395,FALSE
"MetRef","500e69ce3c5bebc2f57687c93426ed58","cpu","euclidean",100,0.99,873,375,"small_high_dim","exact","same_shape_group",2,0.820629940959992,"faissR_cpu_exact","exact_family",0.094,0.999988545246277,FALSE,NA,FALSE,FALSE,TRUE,NA,"faissR_cpu_auto","faiss_flat_l2","exact_family",0.103,FALSE,NA,FALSE,FALSE,TRUE,NA,"faissR_cpu_hnsw","hnsw",0.043,FALSE
"MetRef","500e69ce3c5bebc2f57687c93426ed58","cpu","euclidean",15,0.9,873,375,"small_high_dim","hnsw","same_shape_group",2,0.165798069952578,"faissR_cpu_hnsw","hnsw",0.024,0.903398243604429,FALSE,TRUE,TRUE,TRUE,FALSE,1,"faissR_cpu_auto","faiss_flat_l2","exact_family",0.1,FALSE,NA,FALSE,FALSE,TRUE,NA,"faissR_cpu_hnsw","hnsw",0.024,FALSE
"MetRef","500e69ce3c5bebc2f57687c93426ed58","cpu","euclidean",15,0.95,873,375,"small_high_dim","hnsw","same_shape_group",2,0.188963620837451,"faissR_cpu_hnsw","hnsw",0.0305,0.970523100420008,FALSE,TRUE,TRUE,TRUE,FALSE,1,"faissR_cpu_auto","faiss_flat_l2","exact_family",0.103,FALSE,NA,FALSE,FALSE,TRUE,NA,"faissR_cpu_hnsw","hnsw",0.0305,FALSE
"MetRef","500e69ce3c5bebc2f57687c93426ed58","cpu","euclidean",15,0.99,873,375,"small_high_dim","exact","same_shape_group",2,0.753813969093171,"faissR_cpu_exact","exact_family",0.121,1,FALSE,NA,FALSE,FALSE,TRUE,NA,"faissR_cpu_auto","faiss_flat_l2","exact_family",0.116,FALSE,NA,FALSE,FALSE,TRUE,NA,"faissR_cpu_hnsw","hnsw",0.033,FALSE
"MetRef","500e69ce3c5bebc2f57687c93426ed58","cpu","euclidean",30,0.9,873,375,"small_high_dim","hnsw","same_shape_group",2,0.178220369206216,"faissR_cpu_hnsw","hnsw",0.029,0.929858724704086,FALSE,TRUE,TRUE,TRUE,FALSE,1,"faissR_cpu_auto","faiss_flat_l2","exact_family",0.131,FALSE,NA,FALSE,FALSE,TRUE,NA,"faissR_cpu_hnsw","hnsw",0.029,FALSE
"MetRef","500e69ce3c5bebc2f57687c93426ed58","cpu","euclidean",30,0.95,873,375,"small_high_dim","hnsw","same_shape_group",2,0.188308257917703,"faissR_cpu_hnsw","hnsw",0.0329999999999999,0.956930126002291,FALSE,TRUE,TRUE,TRUE,FALSE,1,"faissR_cpu_auto","faiss_flat_l2","exact_family",0.0940000000000001,FALSE,NA,FALSE,FALSE,TRUE,NA,"faissR_cpu_hnsw","hnsw",0.0329999999999999,FALSE
"MetRef","500e69ce3c5bebc2f57687c93426ed58","cpu","euclidean",30,0.99,873,375,"small_high_dim","exact","same_shape_group",2,0.755029800736368,"faissR_cpu_exact","exact_family",0.093,1,FALSE,NA,FALSE,FALSE,TRUE,NA,"faissR_cpu_auto","faiss_flat_l2","exact_family",0.121,FALSE,NA,FALSE,FALSE,TRUE,NA,"faissR_cpu_hnsw","hnsw",0.0305,FALSE
"MetRef","500e69ce3c5bebc2f57687c93426ed58","cpu","euclidean",50,0.9,873,375,"small_high_dim","hnsw","same_shape_group",2,0.229032748750042,"faissR_cpu_hnsw","hnsw",0.03,0.98581901489118,FALSE,TRUE,TRUE,TRUE,FALSE,1,"faissR_cpu_auto","faiss_flat_l2","exact_family",0.0679999999999999,FALSE,NA,FALSE,FALSE,TRUE,NA,"faissR_cpu_hnsw","hnsw",0.03,FALSE
"MetRef","500e69ce3c5bebc2f57687c93426ed58","cpu","euclidean",50,0.95,873,375,"small_high_dim","hnsw","same_shape_group",2,0.228344586097415,"faissR_cpu_hnsw","hnsw",0.034,0.986254295532646,FALSE,TRUE,TRUE,TRUE,FALSE,1,"faissR_cpu_auto","faiss_flat_l2","exact_family",0.101,FALSE,NA,FALSE,FALSE,TRUE,NA,"faissR_cpu_hnsw","hnsw",0.034,FALSE
"MetRef","500e69ce3c5bebc2f57687c93426ed58","cpu","euclidean",50,0.99,873,375,"small_high_dim","exact","same_shape_group",2,0.768172832115273,"faissR_cpu_exact","exact_family",0.118,1,FALSE,NA,FALSE,FALSE,TRUE,NA,"faissR_cpu_auto","faiss_flat_l2","exact_family",0.105,FALSE,NA,FALSE,FALSE,TRUE,NA,"faissR_cpu_hnsw","hnsw",0.036,FALSE
"USPS","aaccc5d9ba97f10b4f1bca66d806b132","cpu","correlation",100,0.9,11000,256,"small_high_dim","hnsw","same_shape_group",2,0.187488666324127,"faissR_cpu_hnsw","hnsw",0.264,0.9805859375,FALSE,TRUE,TRUE,TRUE,FALSE,1,"faissR_cpu_auto","faiss_flat_correlation","exact_family",2.985,FALSE,NA,FALSE,FALSE,TRUE,NA,"faissR_cpu_hnsw","hnsw",0.264,FALSE
"USPS","aaccc5d9ba97f10b4f1bca66d806b132","cpu","correlation",100,0.95,11000,256,"small_high_dim","hnsw","same_shape_group",2,0.181038669902317,"faissR_cpu_hnsw","hnsw",0.272,0.980009765625,FALSE,TRUE,TRUE,TRUE,FALSE,1,"faissR_cpu_auto","faiss_flat_correlation","exact_family",2.909,FALSE,NA,FALSE,FALSE,TRUE,NA,"faissR_cpu_hnsw","hnsw",0.272,FALSE
"USPS","aaccc5d9ba97f10b4f1bca66d806b132","cpu","correlation",100,0.99,11000,256,"small_high_dim","hnsw","same_shape_group",2,0.20778474438707,"faissR_cpu_hnsw","hnsw",0.3045,0.98669921875,FALSE,FALSE,FALSE,FALSE,FALSE,NA,"faissR_cpu_auto","faiss_flat_correlation","exact_family",3.004,FALSE,NA,FALSE,TRUE,TRUE,NA,"faissR_cpu_exact","exact_family",2.4955,TRUE
"USPS","aaccc5d9ba97f10b4f1bca66d806b132","cpu","correlation",15,0.9,11000,256,"small_high_dim","hnsw","same_shape_group",2,0.149749791318719,"faissR_cpu_hnsw","hnsw",0.128,0.948502604166667,FALSE,TRUE,TRUE,TRUE,FALSE,1,"faissR_cpu_auto","faiss_flat_correlation","exact_family",1.711,FALSE,NA,FALSE,FALSE,TRUE,NA,"faissR_cpu_hnsw","hnsw",0.128,FALSE
"USPS","aaccc5d9ba97f10b4f1bca66d806b132","cpu","correlation",15,0.95,11000,256,"small_high_dim","hnsw","same_shape_group",2,0.145185226521158,"faissR_cpu_hnsw","hnsw",0.123,0.950651041666667,FALSE,TRUE,TRUE,TRUE,FALSE,1,"faissR_cpu_auto","faiss_flat_correlation","exact_family",1.322,FALSE,NA,FALSE,FALSE,TRUE,NA,"faissR_cpu_hnsw","hnsw",0.123,FALSE
"USPS","aaccc5d9ba97f10b4f1bca66d806b132","cpu","correlation",15,0.99,11000,256,"small_high_dim","exact","same_shape_group",2,0.203718555855867,"faissR_cpu_exact","exact_family",1.313,0.981770833333333,TRUE,NA,TRUE,TRUE,FALSE,1,"faissR_cpu_auto","faiss_flat_correlation","exact_family",1.481,FALSE,NA,FALSE,TRUE,TRUE,NA,"faissR_cpu_exact","exact_family",1.313,TRUE
"USPS","aaccc5d9ba97f10b4f1bca66d806b132","cpu","correlation",30,0.9,11000,256,"small_high_dim","hnsw","same_shape_group",2,0.14187494493391,"faissR_cpu_hnsw","hnsw",0.149,0.955436197916667,FALSE,TRUE,TRUE,TRUE,FALSE,1,"faissR_cpu_auto","faiss_flat_correlation","exact_family",1.513,FALSE,NA,FALSE,FALSE,TRUE,NA,"faissR_cpu_hnsw","hnsw",0.149,FALSE
"USPS","aaccc5d9ba97f10b4f1bca66d806b132","cpu","correlation",30,0.95,11000,256,"small_high_dim","hnsw","same_shape_group",2,0.136848456330351,"faissR_cpu_hnsw","hnsw",0.1355,0.956998697916667,FALSE,TRUE,TRUE,TRUE,FALSE,1,"faissR_cpu_auto","faiss_flat_correlation","exact_family",1.32,FALSE,NA,FALSE,FALSE,TRUE,NA,"faissR_cpu_hnsw","hnsw",0.1355,FALSE
"USPS","aaccc5d9ba97f10b4f1bca66d806b132","cpu","correlation",30,0.99,11000,256,"small_high_dim","hnsw","same_shape_group",2,0.186567682088833,"faissR_cpu_hnsw","hnsw",0.2325,0.990397135416667,FALSE,TRUE,TRUE,TRUE,FALSE,1,"faissR_cpu_auto","faiss_flat_correlation","exact_family",1.638,FALSE,NA,FALSE,FALSE,TRUE,NA,"faissR_cpu_hnsw","hnsw",0.2325,FALSE
"USPS","aaccc5d9ba97f10b4f1bca66d806b132","cpu","correlation",50,0.9,11000,256,"small_high_dim","hnsw","same_shape_group",2,0.157242646886905,"faissR_cpu_hnsw","hnsw",0.2075,0.94919921875,FALSE,TRUE,TRUE,TRUE,FALSE,1,"faissR_cpu_auto","faiss_flat_correlation","exact_family",1.648,FALSE,NA,FALSE,FALSE,TRUE,NA,"faissR_cpu_hnsw","hnsw",0.2075,FALSE
"USPS","aaccc5d9ba97f10b4f1bca66d806b132","cpu","correlation",50,0.95,11000,256,"small_high_dim","hnsw","same_shape_group",2,0.145492267835785,"faissR_cpu_hnsw","hnsw",0.1835,0.94900390625,FALSE,FALSE,FALSE,NA,FALSE,NA,"faissR_cpu_auto","faiss_flat_correlation","exact_family",1.515,FALSE,NA,FALSE,NA,TRUE,NA,NA,NA,NA,NA
"USPS","aaccc5d9ba97f10b4f1bca66d806b132","cpu","correlation",50,0.99,11000,256,"small_high_dim","hnsw","same_shape_group",2,0.18259381150521,"faissR_cpu_hnsw","hnsw",0.2345,0.99005859375,FALSE,TRUE,TRUE,TRUE,FALSE,1,"faissR_cpu_auto","faiss_flat_correlation","exact_family",1.444,FALSE,NA,FALSE,FALSE,TRUE,NA,"faissR_cpu_hnsw","hnsw",0.2345,FALSE
"USPS","aaccc5d9ba97f10b4f1bca66d806b132","cpu","cosine",100,0.9,11000,256,"small_high_dim","hnsw","same_shape_group",2,0.150668510313204,"faissR_cpu_hnsw","hnsw",0.2305,0.968125,FALSE,TRUE,TRUE,TRUE,FALSE,1,"faissR_cpu_auto","faiss_flat_cosine","exact_family",3.106,FALSE,NA,FALSE,FALSE,TRUE,NA,"faissR_cpu_hnsw","hnsw",0.2305,FALSE
"USPS","aaccc5d9ba97f10b4f1bca66d806b132","cpu","cosine",100,0.95,11000,256,"small_high_dim","hnsw","same_shape_group",2,0.156690778286407,"faissR_cpu_hnsw","hnsw",0.236,0.968447265625,FALSE,TRUE,TRUE,TRUE,FALSE,1,"faissR_cpu_auto","faiss_flat_cosine","exact_family",2.569,FALSE,NA,FALSE,FALSE,TRUE,NA,"faissR_cpu_hnsw","hnsw",0.236,FALSE
"USPS","aaccc5d9ba97f10b4f1bca66d806b132","cpu","cosine",100,0.99,11000,256,"small_high_dim","hnsw","same_shape_group",2,0.184466799180774,"faissR_cpu_hnsw","hnsw",0.2875,0.99046875,FALSE,TRUE,TRUE,TRUE,FALSE,1,"faissR_cpu_auto","faiss_flat_cosine","exact_family",3.054,FALSE,NA,FALSE,FALSE,TRUE,NA,"faissR_cpu_hnsw","hnsw",0.2875,FALSE
"USPS","aaccc5d9ba97f10b4f1bca66d806b132","cpu","cosine",15,0.9,11000,256,"small_high_dim","hnsw","same_shape_group",2,0.132494339501731,"faissR_cpu_hnsw","hnsw",0.1205,0.912109375,FALSE,TRUE,TRUE,TRUE,FALSE,1,"faissR_cpu_auto","faiss_flat_cosine","exact_family",1.444,FALSE,NA,FALSE,FALSE,TRUE,NA,"faissR_cpu_hnsw","hnsw",0.1205,FALSE
"USPS","aaccc5d9ba97f10b4f1bca66d806b132","cpu","cosine",15,0.95,11000,256,"small_high_dim","hnsw","same_shape_group",2,0.115991378989992,"faissR_cpu_hnsw","hnsw",0.118,0.9541015625,FALSE,TRUE,TRUE,TRUE,FALSE,1,"faissR_cpu_auto","faiss_flat_cosine","exact_family",1.645,FALSE,NA,FALSE,FALSE,TRUE,NA,"faissR_cpu_hnsw","hnsw",0.118,FALSE
"USPS","aaccc5d9ba97f10b4f1bca66d806b132","cpu","cosine",15,0.99,11000,256,"small_high_dim","hnsw","same_shape_group",2,0.185381363680387,"faissR_cpu_hnsw","hnsw",0.2865,0.983138020833333,FALSE,FALSE,FALSE,FALSE,FALSE,NA,"faissR_cpu_auto","faiss_flat_cosine","exact_family",1.371,FALSE,NA,FALSE,TRUE,TRUE,NA,"faissR_cpu_exact","exact_family",1.4385,TRUE
"USPS","aaccc5d9ba97f10b4f1bca66d806b132","cpu","cosine",30,0.9,11000,256,"small_high_dim","hnsw","same_shape_group",2,0.134133329191517,"faissR_cpu_hnsw","hnsw",0.152,0.984765625,FALSE,TRUE,TRUE,TRUE,FALSE,1,"faissR_cpu_auto","faiss_flat_cosine","exact_family",1.5265,FALSE,NA,FALSE,FALSE,TRUE,NA,"faissR_cpu_hnsw","hnsw",0.152,FALSE
"USPS","aaccc5d9ba97f10b4f1bca66d806b132","cpu","cosine",30,0.95,11000,256,"small_high_dim","hnsw","same_shape_group",2,0.13586758259423,"faissR_cpu_hnsw","hnsw",0.158,0.984505208333333,FALSE,TRUE,TRUE,TRUE,FALSE,1,"faissR_cpu_auto","faiss_flat_cosine","exact_family",1.292,FALSE,NA,FALSE,FALSE,TRUE,NA,"faissR_cpu_hnsw","hnsw",0.158,FALSE
"USPS","aaccc5d9ba97f10b4f1bca66d806b132","cpu","cosine",30,0.99,11000,256,"small_high_dim","hnsw","same_shape_group",2,0.154870913989684,"faissR_cpu_hnsw","hnsw",0.1935,0.988997395833333,FALSE,FALSE,FALSE,FALSE,FALSE,NA,"faissR_cpu_auto","faiss_flat_cosine","exact_family",1.293,FALSE,NA,FALSE,TRUE,TRUE,NA,"faissR_cpu_exact","exact_family",1.2945,TRUE
"USPS","aaccc5d9ba97f10b4f1bca66d806b132","cpu","cosine",50,0.9,11000,256,"small_high_dim","hnsw","same_shape_group",2,0.132500943392868,"faissR_cpu_hnsw","hnsw",0.1495,0.96392578125,FALSE,TRUE,TRUE,TRUE,FALSE,1,"faissR_cpu_auto","faiss_flat_cosine","exact_family",2.84,FALSE,NA,FALSE,FALSE,TRUE,NA,"faissR_cpu_hnsw","hnsw",0.1495,FALSE
"USPS","aaccc5d9ba97f10b4f1bca66d806b132","cpu","cosine",50,0.95,11000,256,"small_high_dim","hnsw","same_shape_group",2,0.150460127608613,"faissR_cpu_hnsw","hnsw",0.171,0.963046875,FALSE,TRUE,TRUE,TRUE,FALSE,1,"faissR_cpu_auto","faiss_flat_cosine","exact_family",2.5345,FALSE,NA,FALSE,FALSE,TRUE,NA,"faissR_cpu_hnsw","hnsw",0.171,FALSE
"USPS","aaccc5d9ba97f10b4f1bca66d806b132","cpu","cosine",50,0.99,11000,256,"small_high_dim","hnsw","same_shape_group",2,0.155267511089732,"faissR_cpu_hnsw","hnsw",0.2015,0.98896484375,FALSE,FALSE,FALSE,FALSE,FALSE,NA,"faissR_cpu_auto","faiss_flat_cosine","exact_family",2.627,FALSE,NA,FALSE,TRUE,TRUE,NA,"faissR_cpu_exact","exact_family",2.5985,TRUE
"USPS","aaccc5d9ba97f10b4f1bca66d806b132","cpu","euclidean",100,0.9,11000,256,"small_high_dim","hnsw","same_shape_group",2,0.12036818516535,"faissR_cpu_hnsw","hnsw",0.1795,0.98419921875,FALSE,TRUE,TRUE,TRUE,FALSE,1,"faissR_cpu_auto","faiss_flat_l2","exact_family",1.693,FALSE,NA,FALSE,FALSE,TRUE,NA,"faissR_cpu_hnsw","hnsw",0.1795,FALSE
"USPS","aaccc5d9ba97f10b4f1bca66d806b132","cpu","euclidean",100,0.95,11000,256,"small_high_dim","hnsw","same_shape_group",2,0.123398743915811,"faissR_cpu_hnsw","hnsw",0.2,0.9834765625,FALSE,TRUE,TRUE,TRUE,FALSE,1,"faissR_cpu_auto","faiss_flat_l2","exact_family",1.5635,FALSE,NA,FALSE,FALSE,TRUE,NA,"faissR_cpu_hnsw","hnsw",0.2,FALSE
"USPS","aaccc5d9ba97f10b4f1bca66d806b132","cpu","euclidean",100,0.99,11000,256,"small_high_dim","hnsw","same_shape_group",2,0.13098473193468,"faissR_cpu_hnsw","hnsw",0.201,0.98681640625,FALSE,FALSE,FALSE,FALSE,FALSE,NA,"faissR_cpu_auto","faiss_flat_l2","exact_family",1.549,FALSE,NA,FALSE,TRUE,TRUE,NA,"faissR_cpu_exact","exact_family",1.4545,TRUE
"USPS","aaccc5d9ba97f10b4f1bca66d806b132","cpu","euclidean",15,0.9,11000,256,"small_high_dim","hnsw","same_shape_group",2,0.082048765987064,"faissR_cpu_hnsw","hnsw",0.098,0.900065104166667,FALSE,TRUE,TRUE,TRUE,FALSE,1,"faissR_cpu_auto","faiss_flat_l2","exact_family",1.479,FALSE,NA,FALSE,FALSE,TRUE,NA,"faissR_cpu_hnsw","hnsw",0.098,FALSE
"USPS","aaccc5d9ba97f10b4f1bca66d806b132","cpu","euclidean",15,0.95,11000,256,"small_high_dim","hnsw","same_shape_group",2,0.0966863485710366,"faissR_cpu_hnsw","hnsw",0.1165,0.964908854166667,FALSE,TRUE,TRUE,TRUE,FALSE,1,"faissR_cpu_auto","faiss_flat_l2","exact_family",1.4395,FALSE,NA,FALSE,FALSE,TRUE,NA,"faissR_cpu_hnsw","hnsw",0.1165,FALSE
"USPS","aaccc5d9ba97f10b4f1bca66d806b132","cpu","euclidean",15,0.99,11000,256,"small_high_dim","hnsw","same_shape_group",2,0.104513157066467,"faissR_cpu_hnsw","hnsw",0.148,0.983203125,FALSE,FALSE,FALSE,FALSE,FALSE,NA,"faissR_cpu_auto","faiss_flat_l2","exact_family",1.7995,FALSE,NA,FALSE,TRUE,TRUE,NA,"faissR_cpu_exact","exact_family",1.253,TRUE
"USPS","aaccc5d9ba97f10b4f1bca66d806b132","cpu","euclidean",30,0.9,11000,256,"small_high_dim","hnsw","same_shape_group",2,0.0936616250125952,"faissR_cpu_hnsw","hnsw",0.105,0.92265625,FALSE,TRUE,TRUE,TRUE,FALSE,1,"faissR_cpu_auto","faiss_flat_l2","exact_family",1.63,FALSE,NA,FALSE,FALSE,TRUE,NA,"faissR_cpu_hnsw","hnsw",0.105,FALSE
"USPS","aaccc5d9ba97f10b4f1bca66d806b132","cpu","euclidean",30,0.95,11000,256,"small_high_dim","hnsw","same_shape_group",2,0.0987496835437966,"faissR_cpu_hnsw","hnsw",0.12,0.9578125,FALSE,TRUE,TRUE,TRUE,FALSE,1,"faissR_cpu_auto","faiss_flat_l2","exact_family",1.544,FALSE,NA,FALSE,FALSE,TRUE,NA,"faissR_cpu_hnsw","hnsw",0.12,FALSE
"USPS","aaccc5d9ba97f10b4f1bca66d806b132","cpu","euclidean",30,0.99,11000,256,"small_high_dim","hnsw","same_shape_group",2,0.106660676915159,"faissR_cpu_hnsw","hnsw",0.1625,0.989811197916667,FALSE,FALSE,FALSE,FALSE,FALSE,NA,"faissR_cpu_auto","faiss_flat_l2","exact_family",1.6,FALSE,NA,FALSE,TRUE,TRUE,NA,"faissR_cpu_exact","exact_family",1.3075,TRUE
"USPS","aaccc5d9ba97f10b4f1bca66d806b132","cpu","euclidean",50,0.9,11000,256,"small_high_dim","hnsw","same_shape_group",2,0.0997997995989972,"faissR_cpu_hnsw","hnsw",0.158,0.98015625,FALSE,TRUE,TRUE,TRUE,FALSE,1,"faissR_cpu_auto","faiss_flat_l2","exact_family",1.6515,FALSE,NA,FALSE,FALSE,TRUE,NA,"faissR_cpu_hnsw","hnsw",0.158,FALSE
"USPS","aaccc5d9ba97f10b4f1bca66d806b132","cpu","euclidean",50,0.95,11000,256,"small_high_dim","hnsw","same_shape_group",2,0.109631199938704,"faissR_cpu_hnsw","hnsw",0.1475,0.981640625,FALSE,TRUE,TRUE,TRUE,FALSE,1,"faissR_cpu_auto","faiss_flat_l2","exact_family",1.504,FALSE,NA,FALSE,FALSE,TRUE,NA,"faissR_cpu_hnsw","hnsw",0.1475,FALSE
"USPS","aaccc5d9ba97f10b4f1bca66d806b132","cpu","euclidean",50,0.99,11000,256,"small_high_dim","hnsw","same_shape_group",2,0.116730458750062,"faissR_cpu_hnsw","hnsw",0.172,0.988828125,FALSE,FALSE,FALSE,FALSE,FALSE,NA,"faissR_cpu_auto","faiss_flat_l2","exact_family",1.7335,FALSE,NA,FALSE,TRUE,TRUE,NA,"faissR_cpu_exact","exact_family",1.287,TRUE
"flow18","312918a562406500ae8ac89bd1e53b77","cpu","correlation",100,0.9,1000021,11,"large_low_dim","hnsw","same_shape_group",1,29.3885,"faissR_cpu_hnsw","hnsw",25.8415,0.993876953125,FALSE,TRUE,TRUE,TRUE,FALSE,1,"faissR_cpu_auto","faiss_flat_correlation","exact_family",483.142,FALSE,NA,FALSE,FALSE,TRUE,NA,"faissR_cpu_hnsw","hnsw",25.8415,FALSE
"flow18","312918a562406500ae8ac89bd1e53b77","cpu","correlation",100,0.95,1000021,11,"large_low_dim","hnsw","same_shape_group",2,146.142914258612,"faissR_cpu_hnsw","hnsw",44.4415,0.999189453125,FALSE,TRUE,TRUE,TRUE,FALSE,1,"faissR_cpu_auto","faiss_flat_correlation","exact_family",469.217,FALSE,NA,FALSE,FALSE,TRUE,NA,"faissR_cpu_hnsw","hnsw",44.4415,FALSE
"flow18","312918a562406500ae8ac89bd1e53b77","cpu","correlation",100,0.99,1000021,11,"large_low_dim","hnsw","same_shape_group",2,240.210305170282,"faissR_cpu_hnsw","hnsw",65.7515,0.999931640625,FALSE,TRUE,TRUE,TRUE,FALSE,1,"faissR_cpu_auto","faiss_flat_correlation","exact_family",471.912,FALSE,NA,FALSE,FALSE,TRUE,NA,"faissR_cpu_hnsw","hnsw",65.7515,FALSE
"flow18","312918a562406500ae8ac89bd1e53b77","cpu","correlation",15,0.9,1000021,11,"large_low_dim","hnsw","same_shape_group",2,46.0424650431534,"faissR_cpu_hnsw","hnsw",12.724,0.9970703125,FALSE,TRUE,TRUE,TRUE,FALSE,1,"faissR_cpu_auto","faiss_flat_correlation","exact_family",485.194,FALSE,NA,FALSE,FALSE,TRUE,NA,"faissR_cpu_hnsw","hnsw",12.724,FALSE
"flow18","312918a562406500ae8ac89bd1e53b77","cpu","correlation",15,0.95,1000021,11,"large_low_dim","hnsw","same_shape_group",2,56.2610209603416,"faissR_cpu_hnsw","hnsw",16.5715,0.998958333333333,FALSE,TRUE,TRUE,TRUE,FALSE,1,"faissR_cpu_auto","faiss_flat_correlation","exact_family",450.992,FALSE,NA,FALSE,FALSE,TRUE,NA,"faissR_cpu_hnsw","hnsw",16.5715,FALSE
"flow18","312918a562406500ae8ac89bd1e53b77","cpu","correlation",15,0.99,1000021,11,"large_low_dim","hnsw","same_shape_group",2,128.501080646234,"faissR_cpu_hnsw","hnsw",35.7545,0.999934895833333,FALSE,TRUE,TRUE,TRUE,FALSE,1,"faissR_cpu_auto","faiss_flat_correlation","exact_family",452.223,FALSE,NA,FALSE,FALSE,TRUE,NA,"faissR_cpu_hnsw","hnsw",35.7545,FALSE
"flow18","312918a562406500ae8ac89bd1e53b77","cpu","correlation",30,0.9,1000021,11,"large_low_dim","hnsw","same_shape_group",2,57.4827286930605,"faissR_cpu_hnsw","hnsw",17.9215,0.99716796875,FALSE,TRUE,TRUE,TRUE,FALSE,1,"faissR_cpu_auto","faiss_flat_correlation","exact_family",419.988,FALSE,NA,FALSE,FALSE,TRUE,NA,"faissR_cpu_hnsw","hnsw",17.9215,FALSE
"flow18","312918a562406500ae8ac89bd1e53b77","cpu","correlation",30,0.95,1000021,11,"large_low_dim","hnsw","same_shape_group",2,78.8514421681683,"faissR_cpu_hnsw","hnsw",23.657,0.999674479166667,FALSE,TRUE,TRUE,TRUE,FALSE,1,"faissR_cpu_auto","faiss_flat_correlation","exact_family",395.889,FALSE,NA,FALSE,FALSE,TRUE,NA,"faissR_cpu_hnsw","hnsw",23.657,FALSE
"flow18","312918a562406500ae8ac89bd1e53b77","cpu","correlation",30,0.99,1000021,11,"large_low_dim","hnsw","same_shape_group",2,127.487712602039,"faissR_cpu_hnsw","hnsw",37.2015,0.999934895833333,FALSE,TRUE,TRUE,TRUE,FALSE,1,"faissR_cpu_auto","faiss_flat_correlation","exact_family",390.831,FALSE,NA,FALSE,FALSE,TRUE,NA,"faissR_cpu_hnsw","hnsw",37.2015,FALSE
"flow18","312918a562406500ae8ac89bd1e53b77","cpu","correlation",50,0.9,1000021,11,"large_low_dim","hnsw","same_shape_group",1,23.438,"faissR_cpu_hnsw","hnsw",19.6215,0.9927734375,FALSE,TRUE,TRUE,TRUE,FALSE,1,"faissR_cpu_auto",NA,NA,NA,FALSE,NA,FALSE,NA,TRUE,NA,"faissR_cpu_hnsw","hnsw",19.6215,FALSE
"flow18","312918a562406500ae8ac89bd1e53b77","cpu","correlation",50,0.95,1000021,11,"large_low_dim","hnsw","same_shape_group",2,82.9241743884134,"faissR_cpu_hnsw","hnsw",25.5675,0.99841796875,FALSE,TRUE,TRUE,TRUE,FALSE,1,"faissR_cpu_auto",NA,NA,NA,FALSE,NA,FALSE,NA,TRUE,NA,"faissR_cpu_hnsw","hnsw",25.5675,FALSE
"flow18","312918a562406500ae8ac89bd1e53b77","cpu","correlation",50,0.99,1000021,11,"large_low_dim","hnsw","same_shape_group",1,48.7345,"faissR_cpu_hnsw","hnsw",38.9645,0.9998828125,FALSE,TRUE,TRUE,TRUE,FALSE,1,"faissR_cpu_auto",NA,NA,NA,FALSE,NA,FALSE,NA,TRUE,NA,"faissR_cpu_hnsw","hnsw",38.9645,FALSE
"flow18","312918a562406500ae8ac89bd1e53b77","cpu","cosine",100,0.9,1000021,11,"large_low_dim","hnsw","same_shape_group",2,84.4313311987914,"faissR_cpu_hnsw","hnsw",32.485,0.993857421875,FALSE,TRUE,TRUE,TRUE,FALSE,1,"faissR_cpu_auto",NA,NA,NA,FALSE,NA,FALSE,NA,TRUE,NA,"faissR_cpu_hnsw","hnsw",32.485,FALSE
"flow18","312918a562406500ae8ac89bd1e53b77","cpu","cosine",100,0.95,1000021,11,"large_low_dim","hnsw","same_shape_group",2,146.673271896246,"faissR_cpu_hnsw","hnsw",53.686,0.999111328125,FALSE,TRUE,TRUE,TRUE,FALSE,1,"faissR_cpu_auto",NA,NA,NA,FALSE,NA,FALSE,NA,TRUE,NA,"faissR_cpu_hnsw","hnsw",53.686,FALSE
"flow18","312918a562406500ae8ac89bd1e53b77","cpu","cosine",100,0.99,1000021,11,"large_low_dim","hnsw","same_shape_group",2,242.805459732684,"faissR_cpu_hnsw","hnsw",76.814,0.9998828125,FALSE,TRUE,TRUE,TRUE,FALSE,1,"faissR_cpu_auto",NA,NA,NA,FALSE,NA,FALSE,NA,TRUE,NA,"faissR_cpu_hnsw","hnsw",76.814,FALSE
"flow18","312918a562406500ae8ac89bd1e53b77","cpu","cosine",15,0.9,1000021,11,"large_low_dim","hnsw","same_shape_group",2,39.8115730096162,"faissR_cpu_hnsw","hnsw",16.2535,0.995638020833333,FALSE,TRUE,TRUE,TRUE,FALSE,1,"faissR_cpu_auto",NA,NA,NA,FALSE,NA,FALSE,NA,TRUE,NA,"faissR_cpu_hnsw","hnsw",16.2535,FALSE
"flow18","312918a562406500ae8ac89bd1e53b77","cpu","cosine",15,0.95,1000021,11,"large_low_dim","hnsw","same_shape_group",2,53.282227900117,"faissR_cpu_hnsw","hnsw",20.4845,0.998177083333333,FALSE,TRUE,TRUE,TRUE,FALSE,1,"faissR_cpu_auto",NA,NA,NA,FALSE,NA,FALSE,NA,TRUE,NA,"faissR_cpu_hnsw","hnsw",20.4845,FALSE
"flow18","312918a562406500ae8ac89bd1e53b77","cpu","cosine",15,0.99,1000021,11,"large_low_dim","hnsw","same_shape_group",2,129.376886121517,"faissR_cpu_hnsw","hnsw",45.777,0.999869791666667,FALSE,TRUE,TRUE,TRUE,FALSE,1,"faissR_cpu_auto",NA,NA,NA,FALSE,NA,FALSE,NA,TRUE,NA,"faissR_cpu_hnsw","hnsw",45.777,FALSE
"flow18","312918a562406500ae8ac89bd1e53b77","cpu","cosine",30,0.9,1000021,11,"large_low_dim","hnsw","same_shape_group",2,56.7968259874617,"faissR_cpu_hnsw","hnsw",20.284,0.996940104166667,FALSE,TRUE,TRUE,TRUE,FALSE,1,"faissR_cpu_auto",NA,NA,NA,FALSE,NA,FALSE,NA,TRUE,NA,"faissR_cpu_hnsw","hnsw",20.284,FALSE
"flow18","312918a562406500ae8ac89bd1e53b77","cpu","cosine",30,0.95,1000021,11,"large_low_dim","hnsw","same_shape_group",2,78.1639765429062,"faissR_cpu_hnsw","hnsw",28.0425,0.999446614583333,FALSE,TRUE,TRUE,TRUE,FALSE,1,"faissR_cpu_auto",NA,NA,NA,FALSE,NA,FALSE,NA,TRUE,NA,"faissR_cpu_hnsw","hnsw",28.0425,FALSE
"flow18","312918a562406500ae8ac89bd1e53b77","cpu","cosine",30,0.99,1000021,11,"large_low_dim","hnsw","same_shape_group",2,131.19570593011,"faissR_cpu_hnsw","hnsw",47.104,0.999837239583333,FALSE,TRUE,TRUE,TRUE,FALSE,1,"faissR_cpu_auto",NA,NA,NA,FALSE,NA,FALSE,NA,TRUE,NA,"faissR_cpu_hnsw","hnsw",47.104,FALSE
"flow18","312918a562406500ae8ac89bd1e53b77","cpu","cosine",50,0.9,1000021,11,"large_low_dim","hnsw","same_shape_group",1,22.0165,"faissR_cpu_hnsw","hnsw",22.4715,0.9926171875,FALSE,TRUE,TRUE,TRUE,FALSE,1,"faissR_cpu_auto","faiss_flat_cosine","exact_family",615.097,FALSE,NA,FALSE,FALSE,TRUE,NA,"faissR_cpu_hnsw","hnsw",22.4715,FALSE
"flow18","312918a562406500ae8ac89bd1e53b77","cpu","cosine",50,0.95,1000021,11,"large_low_dim","hnsw","same_shape_group",2,82.3513871422333,"faissR_cpu_hnsw","hnsw",31.315,0.99857421875,FALSE,TRUE,TRUE,TRUE,FALSE,1,"faissR_cpu_auto","faiss_flat_cosine","exact_family",612.3155,FALSE,NA,FALSE,FALSE,TRUE,NA,"faissR_cpu_hnsw","hnsw",31.315,FALSE
"flow18","312918a562406500ae8ac89bd1e53b77","cpu","cosine",50,0.99,1000021,11,"large_low_dim","hnsw","same_shape_group",1,46.481,"faissR_cpu_hnsw","hnsw",47.399,0.99982421875,FALSE,TRUE,TRUE,TRUE,FALSE,1,"faissR_cpu_auto","faiss_flat_cosine","exact_family",608.663,FALSE,NA,FALSE,FALSE,TRUE,NA,"faissR_cpu_hnsw","hnsw",47.399,FALSE
"flow18","312918a562406500ae8ac89bd1e53b77","cpu","euclidean",100,0.9,1000021,11,"large_low_dim","hnsw","same_shape_group",2,71.5771354693662,"faissR_cpu_hnsw","hnsw",24.2425,0.9928125,FALSE,TRUE,TRUE,TRUE,FALSE,1,"faissR_cpu_auto",NA,NA,NA,FALSE,NA,FALSE,NA,TRUE,NA,"faissR_cpu_hnsw","hnsw",24.2425,FALSE
"flow18","312918a562406500ae8ac89bd1e53b77","cpu","euclidean",100,0.95,1000021,11,"large_low_dim","hnsw","same_shape_group",2,134.679692919905,"faissR_cpu_hnsw","hnsw",43.0645,0.998955078125,FALSE,TRUE,TRUE,TRUE,FALSE,1,"faissR_cpu_auto",NA,NA,NA,FALSE,NA,FALSE,NA,TRUE,NA,"faissR_cpu_hnsw","hnsw",43.0645,FALSE
"flow18","312918a562406500ae8ac89bd1e53b77","cpu","euclidean",100,0.99,1000021,11,"large_low_dim","hnsw","same_shape_group",2,232.143452915433,"faissR_cpu_hnsw","hnsw",69.192,0.999892578125,FALSE,TRUE,TRUE,TRUE,FALSE,1,"faissR_cpu_auto",NA,NA,NA,FALSE,NA,FALSE,NA,TRUE,NA,"faissR_cpu_hnsw","hnsw",69.192,FALSE
"flow18","312918a562406500ae8ac89bd1e53b77","cpu","euclidean",15,0.9,1000021,11,"large_low_dim","hnsw","same_shape_group",2,41.0124761505569,"faissR_cpu_hnsw","hnsw",13.325,0.995572916666667,FALSE,TRUE,TRUE,TRUE,FALSE,1,"faissR_cpu_auto",NA,NA,NA,FALSE,NA,FALSE,NA,TRUE,NA,"faissR_cpu_hnsw","hnsw",13.325,FALSE
"flow18","312918a562406500ae8ac89bd1e53b77","cpu","euclidean",15,0.95,1000021,11,"large_low_dim","hnsw","same_shape_group",2,54.1119109254146,"faissR_cpu_hnsw","hnsw",17.727,0.998697916666667,FALSE,TRUE,TRUE,TRUE,FALSE,1,"faissR_cpu_auto",NA,NA,NA,FALSE,NA,FALSE,NA,TRUE,NA,"faissR_cpu_hnsw","hnsw",17.727,FALSE
"flow18","312918a562406500ae8ac89bd1e53b77","cpu","euclidean",15,0.99,1000021,11,"large_low_dim","hnsw","same_shape_group",2,130.926448598058,"faissR_cpu_hnsw","hnsw",40.455,0.999544270833333,FALSE,TRUE,TRUE,TRUE,FALSE,1,"faissR_cpu_auto",NA,NA,NA,FALSE,NA,FALSE,NA,TRUE,NA,"faissR_cpu_hnsw","hnsw",40.455,FALSE
"flow18","312918a562406500ae8ac89bd1e53b77","cpu","euclidean",30,0.9,1000021,11,"large_low_dim","hnsw","same_shape_group",2,54.9987954640827,"faissR_cpu_hnsw","hnsw",18.1485,0.996647135416667,FALSE,TRUE,TRUE,TRUE,FALSE,1,"faissR_cpu_auto",NA,NA,NA,FALSE,NA,FALSE,NA,TRUE,NA,"faissR_cpu_hnsw","hnsw",18.1485,FALSE
"flow18","312918a562406500ae8ac89bd1e53b77","cpu","euclidean",30,0.95,1000021,11,"large_low_dim","hnsw","same_shape_group",2,77.3676263837143,"faissR_cpu_hnsw","hnsw",24.6965,0.998177083333333,FALSE,TRUE,TRUE,TRUE,FALSE,1,"faissR_cpu_auto",NA,NA,NA,FALSE,NA,FALSE,NA,TRUE,NA,"faissR_cpu_hnsw","hnsw",24.6965,FALSE
"flow18","312918a562406500ae8ac89bd1e53b77","cpu","euclidean",30,0.99,1000021,11,"large_low_dim","hnsw","same_shape_group",2,131.252381554584,"faissR_cpu_hnsw","hnsw",40.6545,0.9998046875,FALSE,TRUE,TRUE,TRUE,FALSE,1,"faissR_cpu_auto",NA,NA,NA,FALSE,NA,FALSE,NA,TRUE,NA,"faissR_cpu_hnsw","hnsw",40.6545,FALSE
"flow18","312918a562406500ae8ac89bd1e53b77","cpu","euclidean",50,0.9,1000021,11,"large_low_dim","hnsw","same_shape_group",1,19.376,"faissR_cpu_hnsw","hnsw",18.2485,0.99171875,FALSE,TRUE,TRUE,TRUE,FALSE,1,"faissR_cpu_auto",NA,NA,NA,FALSE,NA,FALSE,NA,TRUE,NA,"faissR_cpu_hnsw","hnsw",18.2485,FALSE
"flow18","312918a562406500ae8ac89bd1e53b77","cpu","euclidean",50,0.95,1000021,11,"large_low_dim","hnsw","same_shape_group",2,78.0618633905187,"faissR_cpu_hnsw","hnsw",24.906,0.9979296875,FALSE,TRUE,TRUE,TRUE,FALSE,1,"faissR_cpu_auto",NA,NA,NA,FALSE,NA,FALSE,NA,TRUE,NA,"faissR_cpu_hnsw","hnsw",24.906,FALSE
"flow18","312918a562406500ae8ac89bd1e53b77","cpu","euclidean",50,0.99,1000021,11,"large_low_dim","hnsw","same_shape_group",1,43.6495,"faissR_cpu_hnsw","hnsw",41.469,0.999765625,FALSE,TRUE,TRUE,TRUE,FALSE,1,"faissR_cpu_auto",NA,NA,NA,FALSE,NA,FALSE,NA,TRUE,NA,"faissR_cpu_hnsw","hnsw",41.469,FALSE
"imagenet","f63c177e7a638ee832dfa0a55fbbb69d","cpu","correlation",100,0.9,1281167,1024,"large_high_dim","hnsw","three_nearest_training_shapes",3,5.8585,"faissR_cpu_hnsw","hnsw",117.611,0.930205078125,FALSE,TRUE,TRUE,TRUE,FALSE,1,"faissR_cpu_auto",NA,NA,NA,FALSE,NA,FALSE,NA,TRUE,NA,"faissR_cpu_hnsw","hnsw",117.611,FALSE
"imagenet","f63c177e7a638ee832dfa0a55fbbb69d","cpu","correlation",100,0.95,1281167,1024,"large_high_dim","hnsw","three_nearest_training_shapes",3,7.3625,"faissR_cpu_hnsw","hnsw",148.6115,0.970673828125,FALSE,TRUE,TRUE,TRUE,FALSE,1,"faissR_cpu_auto",NA,NA,NA,FALSE,NA,FALSE,NA,TRUE,NA,"faissR_cpu_hnsw","hnsw",148.6115,FALSE
"imagenet","f63c177e7a638ee832dfa0a55fbbb69d","cpu","correlation",100,0.99,1281167,1024,"large_high_dim","hnsw","three_nearest_training_shapes",3,10.1995,"faissR_cpu_hnsw","hnsw",234.406,0.995712890625,FALSE,TRUE,TRUE,TRUE,FALSE,1,"faissR_cpu_auto",NA,NA,NA,FALSE,NA,FALSE,NA,TRUE,NA,"faissR_cpu_hnsw","hnsw",234.406,FALSE
"imagenet","f63c177e7a638ee832dfa0a55fbbb69d","cpu","correlation",15,0.9,1281167,1024,"large_high_dim","hnsw","three_nearest_training_shapes",3,4.028,"faissR_cpu_hnsw","hnsw",85.1825,0.9208984375,FALSE,TRUE,TRUE,TRUE,FALSE,1,"faissR_cpu_auto",NA,NA,NA,FALSE,NA,FALSE,NA,TRUE,NA,"faissR_cpu_hnsw","hnsw",85.1825,FALSE
"imagenet","f63c177e7a638ee832dfa0a55fbbb69d","cpu","correlation",15,0.95,1281167,1024,"large_high_dim","hnsw","three_nearest_training_shapes",3,6.785,"faissR_cpu_hnsw","hnsw",125.0635,0.9755859375,FALSE,TRUE,TRUE,TRUE,FALSE,1,"faissR_cpu_auto",NA,NA,NA,FALSE,NA,FALSE,NA,TRUE,NA,"faissR_cpu_hnsw","hnsw",125.0635,FALSE
"imagenet","f63c177e7a638ee832dfa0a55fbbb69d","cpu","correlation",15,0.99,1281167,1024,"large_high_dim","hnsw","three_nearest_training_shapes",3,9.725,"faissR_cpu_hnsw","hnsw",193.339,0.994140625,FALSE,TRUE,TRUE,TRUE,FALSE,1,"faissR_cpu_auto",NA,NA,NA,FALSE,NA,FALSE,NA,TRUE,NA,"faissR_cpu_hnsw","hnsw",193.339,FALSE
"imagenet","f63c177e7a638ee832dfa0a55fbbb69d","cpu","correlation",30,0.9,1281167,1024,"large_high_dim","hnsw","three_nearest_training_shapes",3,4.578,"faissR_cpu_hnsw","hnsw",93.151,0.9201171875,FALSE,TRUE,TRUE,TRUE,FALSE,1,"faissR_cpu_auto",NA,NA,NA,FALSE,NA,FALSE,NA,TRUE,NA,"faissR_cpu_hnsw","hnsw",93.151,FALSE
"imagenet","f63c177e7a638ee832dfa0a55fbbb69d","cpu","correlation",30,0.95,1281167,1024,"large_high_dim","hnsw","three_nearest_training_shapes",3,6.376,"faissR_cpu_hnsw","hnsw",147.558,0.973046875,FALSE,TRUE,TRUE,TRUE,FALSE,1,"faissR_cpu_auto",NA,NA,NA,FALSE,NA,FALSE,NA,TRUE,NA,"faissR_cpu_hnsw","hnsw",147.558,FALSE
"imagenet","f63c177e7a638ee832dfa0a55fbbb69d","cpu","correlation",30,0.99,1281167,1024,"large_high_dim","hnsw","three_nearest_training_shapes",3,9.166,"faissR_cpu_hnsw","hnsw",228.575,0.995930989583333,FALSE,TRUE,TRUE,TRUE,FALSE,1,"faissR_cpu_auto",NA,NA,NA,FALSE,NA,FALSE,NA,TRUE,NA,"faissR_cpu_hnsw","hnsw",228.575,FALSE
"imagenet","f63c177e7a638ee832dfa0a55fbbb69d","cpu","correlation",50,0.9,1281167,1024,"large_high_dim","hnsw","three_nearest_training_shapes",3,4.642,"faissR_cpu_hnsw","hnsw",108.58,0.9244921875,FALSE,TRUE,TRUE,TRUE,FALSE,1,"faissR_cpu_auto",NA,NA,NA,FALSE,NA,FALSE,NA,TRUE,NA,"faissR_cpu_hnsw","hnsw",108.58,FALSE
"imagenet","f63c177e7a638ee832dfa0a55fbbb69d","cpu","correlation",50,0.95,1281167,1024,"large_high_dim","hnsw","three_nearest_training_shapes",3,6.631,"faissR_cpu_hnsw","hnsw",142.1055,0.97041015625,FALSE,TRUE,TRUE,TRUE,FALSE,1,"faissR_cpu_auto",NA,NA,NA,FALSE,NA,FALSE,NA,TRUE,NA,"faissR_cpu_hnsw","hnsw",142.1055,FALSE
"imagenet","f63c177e7a638ee832dfa0a55fbbb69d","cpu","correlation",50,0.99,1281167,1024,"large_high_dim","hnsw","three_nearest_training_shapes",3,9.769,"faissR_cpu_hnsw","hnsw",227.323,0.996640625,FALSE,TRUE,TRUE,TRUE,FALSE,1,"faissR_cpu_auto",NA,NA,NA,FALSE,NA,FALSE,NA,TRUE,NA,"faissR_cpu_hnsw","hnsw",227.323,FALSE
"imagenet","f63c177e7a638ee832dfa0a55fbbb69d","cpu","cosine",100,0.9,1281167,1024,"large_high_dim","hnsw","three_nearest_training_shapes",3,5.636,"faissR_cpu_hnsw","hnsw",103.4665,0.920751953125,FALSE,TRUE,TRUE,TRUE,FALSE,1,"faissR_cpu_auto",NA,NA,NA,FALSE,NA,FALSE,NA,TRUE,NA,"faissR_cpu_hnsw","hnsw",103.4665,FALSE
"imagenet","f63c177e7a638ee832dfa0a55fbbb69d","cpu","cosine",100,0.95,1281167,1024,"large_high_dim","hnsw","three_nearest_training_shapes",3,8.3755,"faissR_cpu_hnsw","hnsw",140.691,0.9685546875,FALSE,TRUE,TRUE,TRUE,FALSE,1,"faissR_cpu_auto",NA,NA,NA,FALSE,NA,FALSE,NA,TRUE,NA,"faissR_cpu_hnsw","hnsw",140.691,FALSE
"imagenet","f63c177e7a638ee832dfa0a55fbbb69d","cpu","cosine",100,0.99,1281167,1024,"large_high_dim","hnsw","three_nearest_training_shapes",3,13.0095,"faissR_cpu_hnsw","hnsw",229.5355,0.996435546875,FALSE,TRUE,TRUE,TRUE,FALSE,1,"faissR_cpu_auto",NA,NA,NA,FALSE,NA,FALSE,NA,TRUE,NA,"faissR_cpu_hnsw","hnsw",229.5355,FALSE
"imagenet","f63c177e7a638ee832dfa0a55fbbb69d","cpu","cosine",15,0.9,1281167,1024,"large_high_dim","hnsw","three_nearest_training_shapes",3,4.9785,"faissR_cpu_hnsw","hnsw",97.5765,0.921549479166667,FALSE,TRUE,TRUE,TRUE,FALSE,1,"faissR_cpu_auto",NA,NA,NA,FALSE,NA,FALSE,NA,TRUE,NA,"faissR_cpu_hnsw","hnsw",97.5765,FALSE
"imagenet","f63c177e7a638ee832dfa0a55fbbb69d","cpu","cosine",15,0.95,1281167,1024,"large_high_dim","hnsw","three_nearest_training_shapes",3,6.711,"faissR_cpu_hnsw","hnsw",151.977,0.9748046875,FALSE,TRUE,TRUE,TRUE,FALSE,1,"faissR_cpu_auto",NA,NA,NA,FALSE,NA,FALSE,NA,TRUE,NA,"faissR_cpu_hnsw","hnsw",151.977,FALSE
"imagenet","f63c177e7a638ee832dfa0a55fbbb69d","cpu","cosine",15,0.99,1281167,1024,"large_high_dim","hnsw","three_nearest_training_shapes",3,10.2935,"faissR_cpu_hnsw","hnsw",220.713,0.9953125,FALSE,TRUE,TRUE,TRUE,FALSE,1,"faissR_cpu_auto",NA,NA,NA,FALSE,NA,FALSE,NA,TRUE,NA,"faissR_cpu_hnsw","hnsw",220.713,FALSE
"imagenet","f63c177e7a638ee832dfa0a55fbbb69d","cpu","cosine",30,0.9,1281167,1024,"large_high_dim","hnsw","three_nearest_training_shapes",3,4.557,"faissR_cpu_hnsw","hnsw",94.4805,0.924446614583333,FALSE,TRUE,TRUE,TRUE,FALSE,1,"faissR_cpu_auto",NA,NA,NA,FALSE,NA,FALSE,NA,TRUE,NA,"faissR_cpu_hnsw","hnsw",94.4805,FALSE
"imagenet","f63c177e7a638ee832dfa0a55fbbb69d","cpu","cosine",30,0.95,1281167,1024,"large_high_dim","hnsw","three_nearest_training_shapes",3,6.315,"faissR_cpu_hnsw","hnsw",147.9025,0.97197265625,FALSE,TRUE,TRUE,TRUE,FALSE,1,"faissR_cpu_auto",NA,NA,NA,FALSE,NA,FALSE,NA,TRUE,NA,"faissR_cpu_hnsw","hnsw",147.9025,FALSE
"imagenet","f63c177e7a638ee832dfa0a55fbbb69d","cpu","cosine",30,0.99,1281167,1024,"large_high_dim","hnsw","three_nearest_training_shapes",3,9.331,"faissR_cpu_hnsw","hnsw",219.03,0.996744791666667,FALSE,TRUE,TRUE,TRUE,FALSE,1,"faissR_cpu_auto",NA,NA,NA,FALSE,NA,FALSE,NA,TRUE,NA,"faissR_cpu_hnsw","hnsw",219.03,FALSE
"imagenet","f63c177e7a638ee832dfa0a55fbbb69d","cpu","cosine",50,0.9,1281167,1024,"large_high_dim","hnsw","three_nearest_training_shapes",3,4.668,"faissR_cpu_hnsw","hnsw",104.2605,0.9198828125,FALSE,TRUE,TRUE,TRUE,FALSE,1,"faissR_cpu_auto",NA,NA,NA,FALSE,NA,FALSE,NA,TRUE,NA,"faissR_cpu_hnsw","hnsw",104.2605,FALSE
"imagenet","f63c177e7a638ee832dfa0a55fbbb69d","cpu","cosine",50,0.95,1281167,1024,"large_high_dim","hnsw","three_nearest_training_shapes",3,7.339,"faissR_cpu_hnsw","hnsw",150.6635,0.969609375,FALSE,TRUE,TRUE,TRUE,FALSE,1,"faissR_cpu_auto",NA,NA,NA,FALSE,NA,FALSE,NA,TRUE,NA,"faissR_cpu_hnsw","hnsw",150.6635,FALSE
"imagenet","f63c177e7a638ee832dfa0a55fbbb69d","cpu","cosine",50,0.99,1281167,1024,"large_high_dim","hnsw","three_nearest_training_shapes",3,11.982,"faissR_cpu_hnsw","hnsw",212.452,0.99671875,FALSE,TRUE,TRUE,TRUE,FALSE,1,"faissR_cpu_auto",NA,NA,NA,FALSE,NA,FALSE,NA,TRUE,NA,"faissR_cpu_hnsw","hnsw",212.452,FALSE
"imagenet","f63c177e7a638ee832dfa0a55fbbb69d","cpu","euclidean",100,0.9,1281167,1024,"large_high_dim","hnsw","three_nearest_training_shapes",3,3.299,"faissR_cpu_hnsw","hnsw",75.344,0.903447265625,FALSE,TRUE,TRUE,TRUE,FALSE,1,"faissR_cpu_auto",NA,NA,NA,FALSE,NA,FALSE,NA,TRUE,NA,"faissR_cpu_hnsw","hnsw",75.344,FALSE
"imagenet","f63c177e7a638ee832dfa0a55fbbb69d","cpu","euclidean",100,0.95,1281167,1024,"large_high_dim","hnsw","three_nearest_training_shapes",3,4.257,"faissR_cpu_hnsw","hnsw",97.041,0.96533203125,FALSE,TRUE,TRUE,TRUE,FALSE,1,"faissR_cpu_auto",NA,NA,NA,FALSE,NA,FALSE,NA,TRUE,NA,"faissR_cpu_hnsw","hnsw",97.041,FALSE
"imagenet","f63c177e7a638ee832dfa0a55fbbb69d","cpu","euclidean",100,0.99,1281167,1024,"large_high_dim","hnsw","three_nearest_training_shapes",3,6.0435,"faissR_cpu_hnsw","hnsw",135.406,0.987744140625,FALSE,FALSE,FALSE,NA,FALSE,NA,"faissR_cpu_auto",NA,NA,NA,FALSE,NA,FALSE,NA,TRUE,NA,NA,NA,NA,NA
"imagenet","f63c177e7a638ee832dfa0a55fbbb69d","cpu","euclidean",15,0.9,1281167,1024,"large_high_dim","hnsw","three_nearest_training_shapes",3,3.0625,"faissR_cpu_hnsw","hnsw",76.005,0.930533854166667,FALSE,TRUE,TRUE,TRUE,FALSE,1,"faissR_cpu_auto",NA,NA,NA,FALSE,NA,FALSE,NA,TRUE,NA,"faissR_cpu_hnsw","hnsw",76.005,FALSE
"imagenet","f63c177e7a638ee832dfa0a55fbbb69d","cpu","euclidean",15,0.95,1281167,1024,"large_high_dim","hnsw","three_nearest_training_shapes",3,3.863,"faissR_cpu_hnsw","hnsw",91.33,0.9669921875,FALSE,TRUE,TRUE,TRUE,FALSE,1,"faissR_cpu_auto",NA,NA,NA,FALSE,NA,FALSE,NA,TRUE,NA,"faissR_cpu_hnsw","hnsw",91.33,FALSE
"imagenet","f63c177e7a638ee832dfa0a55fbbb69d","cpu","euclidean",15,0.99,1281167,1024,"large_high_dim","hnsw","three_nearest_training_shapes",3,5.8825,"faissR_cpu_hnsw","hnsw",138.0325,0.992903645833333,FALSE,TRUE,TRUE,TRUE,FALSE,1,"faissR_cpu_auto",NA,NA,NA,FALSE,NA,FALSE,NA,TRUE,NA,"faissR_cpu_hnsw","hnsw",138.0325,FALSE
"imagenet","f63c177e7a638ee832dfa0a55fbbb69d","cpu","euclidean",30,0.9,1281167,1024,"large_high_dim","hnsw","three_nearest_training_shapes",3,3.031,"faissR_cpu_hnsw","hnsw",76.7325,0.929231770833333,FALSE,TRUE,TRUE,TRUE,FALSE,1,"faissR_cpu_auto",NA,NA,NA,FALSE,NA,FALSE,NA,TRUE,NA,"faissR_cpu_hnsw","hnsw",76.7325,FALSE
"imagenet","f63c177e7a638ee832dfa0a55fbbb69d","cpu","euclidean",30,0.95,1281167,1024,"large_high_dim","hnsw","three_nearest_training_shapes",3,3.85,"faissR_cpu_hnsw","hnsw",92.47,0.965787760416667,FALSE,TRUE,TRUE,TRUE,FALSE,1,"faissR_cpu_auto",NA,NA,NA,FALSE,NA,FALSE,NA,TRUE,NA,"faissR_cpu_hnsw","hnsw",92.47,FALSE
"imagenet","f63c177e7a638ee832dfa0a55fbbb69d","cpu","euclidean",30,0.99,1281167,1024,"large_high_dim","hnsw","three_nearest_training_shapes",3,5.898,"faissR_cpu_hnsw","hnsw",135.644,0.989876302083333,FALSE,FALSE,FALSE,NA,FALSE,NA,"faissR_cpu_auto",NA,NA,NA,FALSE,NA,FALSE,NA,TRUE,NA,NA,NA,NA,NA
"imagenet","f63c177e7a638ee832dfa0a55fbbb69d","cpu","euclidean",50,0.9,1281167,1024,"large_high_dim","hnsw","three_nearest_training_shapes",3,3.0395,"faissR_cpu_hnsw","hnsw",74.7585,0.9225,FALSE,TRUE,TRUE,TRUE,FALSE,1,"faissR_cpu_auto",NA,NA,NA,FALSE,NA,FALSE,NA,TRUE,NA,"faissR_cpu_hnsw","hnsw",74.7585,FALSE
"imagenet","f63c177e7a638ee832dfa0a55fbbb69d","cpu","euclidean",50,0.95,1281167,1024,"large_high_dim","hnsw","three_nearest_training_shapes",3,3.881,"faissR_cpu_hnsw","hnsw",90.328,0.96638671875,FALSE,TRUE,TRUE,TRUE,FALSE,1,"faissR_cpu_auto",NA,NA,NA,FALSE,NA,FALSE,NA,TRUE,NA,"faissR_cpu_hnsw","hnsw",90.328,FALSE
"imagenet","f63c177e7a638ee832dfa0a55fbbb69d","cpu","euclidean",50,0.99,1281167,1024,"large_high_dim","hnsw","three_nearest_training_shapes",3,6.058,"faissR_cpu_hnsw","hnsw",136.7805,0.989765625,FALSE,FALSE,FALSE,NA,FALSE,NA,"faissR_cpu_auto",NA,NA,NA,FALSE,NA,FALSE,NA,TRUE,NA,NA,NA,NA,NA
"mass41","5093294b672cfe86116807db072f190d","cpu","correlation",100,0.9,965282,14,"large_low_dim","hnsw","same_shape_group",1,25.8415,"faissR_cpu_hnsw","hnsw",29.3885,0.98044921875,FALSE,TRUE,TRUE,TRUE,FALSE,1,"faissR_cpu_auto","faiss_flat_correlation","exact_family",622.095,FALSE,NA,FALSE,FALSE,TRUE,NA,"faissR_cpu_hnsw","hnsw",29.3885,FALSE
"mass41","5093294b672cfe86116807db072f190d","cpu","correlation",100,0.95,965282,14,"large_low_dim","hnsw","same_shape_group",2,136.243952537351,"faissR_cpu_hnsw","hnsw",51.134,0.996923828125,FALSE,TRUE,TRUE,TRUE,FALSE,1,"faissR_cpu_auto","faiss_flat_correlation","exact_family",630.272,FALSE,NA,FALSE,FALSE,TRUE,NA,"faissR_cpu_hnsw","hnsw",51.134,FALSE
"mass41","5093294b672cfe86116807db072f190d","cpu","correlation",100,0.99,965282,14,"large_low_dim","hnsw","same_shape_group",2,214.859615009429,"faissR_cpu_hnsw","hnsw",82.1825,0.9996484375,FALSE,TRUE,TRUE,TRUE,FALSE,1,"faissR_cpu_auto","faiss_flat_correlation","exact_family",636.8905,FALSE,NA,FALSE,FALSE,TRUE,NA,"faissR_cpu_hnsw","hnsw",82.1825,FALSE
"mass41","5093294b672cfe86116807db072f190d","cpu","correlation",15,0.9,965282,14,"large_low_dim","hnsw","same_shape_group",2,39.9609945571929,"faissR_cpu_hnsw","hnsw",16.8915,0.990234375,FALSE,TRUE,TRUE,TRUE,FALSE,1,"faissR_cpu_auto","faiss_flat_correlation","exact_family",596.284,FALSE,NA,FALSE,FALSE,TRUE,NA,"faissR_cpu_hnsw","hnsw",16.8915,FALSE
"mass41","5093294b672cfe86116807db072f190d","cpu","correlation",15,0.95,965282,14,"large_low_dim","hnsw","same_shape_group",2,48.8783856474413,"faissR_cpu_hnsw","hnsw",21.9555,0.996484375,FALSE,TRUE,TRUE,TRUE,FALSE,1,"faissR_cpu_auto","faiss_flat_correlation","exact_family",598.944,FALSE,NA,FALSE,FALSE,TRUE,NA,"faissR_cpu_hnsw","hnsw",21.9555,FALSE
"mass41","5093294b672cfe86116807db072f190d","cpu","correlation",15,0.99,965282,14,"large_low_dim","hnsw","same_shape_group",2,115.056725110921,"faissR_cpu_hnsw","hnsw",44.5985,0.999934895833333,FALSE,TRUE,TRUE,TRUE,FALSE,1,"faissR_cpu_auto","faiss_flat_correlation","exact_family",590.3555,FALSE,NA,FALSE,FALSE,TRUE,NA,"faissR_cpu_hnsw","hnsw",44.5985,FALSE
"mass41","5093294b672cfe86116807db072f190d","cpu","correlation",30,0.9,965282,14,"large_low_dim","hnsw","same_shape_group",2,52.4838305719009,"faissR_cpu_hnsw","hnsw",21.498,0.99033203125,FALSE,TRUE,TRUE,TRUE,FALSE,1,"faissR_cpu_auto","faiss_flat_correlation","exact_family",596.307,FALSE,NA,FALSE,FALSE,TRUE,NA,"faissR_cpu_hnsw","hnsw",21.498,FALSE
"mass41","5093294b672cfe86116807db072f190d","cpu","correlation",30,0.95,965282,14,"large_low_dim","hnsw","same_shape_group",2,71.5793923067247,"faissR_cpu_hnsw","hnsw",28.708,0.99736328125,FALSE,TRUE,TRUE,TRUE,FALSE,1,"faissR_cpu_auto","faiss_flat_correlation","exact_family",605.719,FALSE,NA,FALSE,FALSE,TRUE,NA,"faissR_cpu_hnsw","hnsw",28.708,FALSE
"mass41","5093294b672cfe86116807db072f190d","cpu","correlation",30,0.99,965282,14,"large_low_dim","hnsw","same_shape_group",2,119.023101147424,"faissR_cpu_hnsw","hnsw",42.681,0.99970703125,FALSE,TRUE,TRUE,TRUE,FALSE,1,"faissR_cpu_auto","faiss_flat_correlation","exact_family",587.95,FALSE,NA,FALSE,FALSE,TRUE,NA,"faissR_cpu_hnsw","hnsw",42.681,FALSE
"mass41","5093294b672cfe86116807db072f190d","cpu","correlation",50,0.9,965282,14,"large_low_dim","hnsw","same_shape_group",1,19.6215,"faissR_cpu_hnsw","hnsw",23.438,0.9817578125,FALSE,TRUE,TRUE,TRUE,FALSE,1,"faissR_cpu_auto",NA,NA,NA,FALSE,NA,FALSE,NA,TRUE,NA,"faissR_cpu_hnsw","hnsw",23.438,FALSE
"mass41","5093294b672cfe86116807db072f190d","cpu","correlation",50,0.95,965282,14,"large_low_dim","hnsw","same_shape_group",2,75.7546433972862,"faissR_cpu_hnsw","hnsw",30.636,0.99423828125,FALSE,TRUE,TRUE,TRUE,FALSE,1,"faissR_cpu_auto",NA,NA,NA,FALSE,NA,FALSE,NA,TRUE,NA,"faissR_cpu_hnsw","hnsw",30.636,FALSE
"mass41","5093294b672cfe86116807db072f190d","cpu","correlation",50,0.99,965282,14,"large_low_dim","hnsw","same_shape_group",1,38.9645,"faissR_cpu_hnsw","hnsw",48.7345,0.999140625,FALSE,TRUE,TRUE,TRUE,FALSE,1,"faissR_cpu_auto",NA,NA,NA,FALSE,NA,FALSE,NA,TRUE,NA,"faissR_cpu_hnsw","hnsw",48.7345,FALSE
"mass41","5093294b672cfe86116807db072f190d","cpu","cosine",100,0.9,965282,14,"large_low_dim","hnsw","same_shape_group",2,86.0752659304634,"faissR_cpu_hnsw","hnsw",31.256,0.983017578125,FALSE,TRUE,TRUE,TRUE,FALSE,1,"faissR_cpu_auto",NA,NA,NA,FALSE,NA,FALSE,NA,TRUE,NA,"faissR_cpu_hnsw","hnsw",31.256,FALSE
"mass41","5093294b672cfe86116807db072f190d","cpu","cosine",100,0.95,965282,14,"large_low_dim","hnsw","same_shape_group",2,149.926400460359,"faissR_cpu_hnsw","hnsw",51.3815,0.996787109375,FALSE,TRUE,TRUE,TRUE,FALSE,1,"faissR_cpu_auto",NA,NA,NA,FALSE,NA,FALSE,NA,TRUE,NA,"faissR_cpu_hnsw","hnsw",51.3815,FALSE
"mass41","5093294b672cfe86116807db072f190d","cpu","cosine",100,0.99,965282,14,"large_low_dim","hnsw","same_shape_group",2,235.233845489972,"faissR_cpu_hnsw","hnsw",81.8385,0.999677734375,FALSE,TRUE,TRUE,TRUE,FALSE,1,"faissR_cpu_auto",NA,NA,NA,FALSE,NA,FALSE,NA,TRUE,NA,"faissR_cpu_hnsw","hnsw",81.8385,FALSE
"mass41","5093294b672cfe86116807db072f190d","cpu","cosine",15,0.9,965282,14,"large_low_dim","hnsw","same_shape_group",2,42.7263894975927,"faissR_cpu_hnsw","hnsw",14.1115,0.990755208333333,FALSE,TRUE,TRUE,TRUE,FALSE,1,"faissR_cpu_auto",NA,NA,NA,FALSE,NA,FALSE,NA,TRUE,NA,"faissR_cpu_hnsw","hnsw",14.1115,FALSE
"mass41","5093294b672cfe86116807db072f190d","cpu","cosine",15,0.95,965282,14,"large_low_dim","hnsw","same_shape_group",2,55.0070517047587,"faissR_cpu_hnsw","hnsw",19.22,0.9962890625,FALSE,TRUE,TRUE,TRUE,FALSE,1,"faissR_cpu_auto",NA,NA,NA,FALSE,NA,FALSE,NA,TRUE,NA,"faissR_cpu_hnsw","hnsw",19.22,FALSE
"mass41","5093294b672cfe86116807db072f190d","cpu","cosine",15,0.99,965282,14,"large_low_dim","hnsw","same_shape_group",2,132.864965105554,"faissR_cpu_hnsw","hnsw",43.405,0.9998046875,FALSE,TRUE,TRUE,TRUE,FALSE,1,"faissR_cpu_auto",NA,NA,NA,FALSE,NA,FALSE,NA,TRUE,NA,"faissR_cpu_hnsw","hnsw",43.405,FALSE
"mass41","5093294b672cfe86116807db072f190d","cpu","cosine",30,0.9,965282,14,"large_low_dim","hnsw","same_shape_group",2,56.203536027549,"faissR_cpu_hnsw","hnsw",20.7145,0.991861979166667,FALSE,TRUE,TRUE,TRUE,FALSE,1,"faissR_cpu_auto",NA,NA,NA,FALSE,NA,FALSE,NA,TRUE,NA,"faissR_cpu_hnsw","hnsw",20.7145,FALSE
"mass41","5093294b672cfe86116807db072f190d","cpu","cosine",30,0.95,965282,14,"large_low_dim","hnsw","same_shape_group",2,78.6641871978602,"faissR_cpu_hnsw","hnsw",27.687,0.997200520833333,FALSE,TRUE,TRUE,TRUE,FALSE,1,"faissR_cpu_auto",NA,NA,NA,FALSE,NA,FALSE,NA,TRUE,NA,"faissR_cpu_hnsw","hnsw",27.687,FALSE
"mass41","5093294b672cfe86116807db072f190d","cpu","cosine",30,0.99,965282,14,"large_low_dim","hnsw","same_shape_group",2,134.797332673907,"faissR_cpu_hnsw","hnsw",44.6205,0.999674479166667,FALSE,TRUE,TRUE,TRUE,FALSE,1,"faissR_cpu_auto",NA,NA,NA,FALSE,NA,FALSE,NA,TRUE,NA,"faissR_cpu_hnsw","hnsw",44.6205,FALSE
"mass41","5093294b672cfe86116807db072f190d","cpu","cosine",50,0.9,965282,14,"large_low_dim","hnsw","same_shape_group",1,22.4715,"faissR_cpu_hnsw","hnsw",22.0165,0.98166015625,FALSE,TRUE,TRUE,TRUE,FALSE,1,"faissR_cpu_auto","faiss_flat_cosine","exact_family",567.04,FALSE,NA,FALSE,FALSE,TRUE,NA,"faissR_cpu_hnsw","hnsw",22.0165,FALSE
"mass41","5093294b672cfe86116807db072f190d","cpu","cosine",50,0.95,965282,14,"large_low_dim","hnsw","same_shape_group",2,84.9845985899798,"faissR_cpu_hnsw","hnsw",29.4045,0.99416015625,FALSE,TRUE,TRUE,TRUE,FALSE,1,"faissR_cpu_auto","faiss_flat_cosine","exact_family",561.332,FALSE,NA,FALSE,FALSE,TRUE,NA,"faissR_cpu_hnsw","hnsw",29.4045,FALSE
"mass41","5093294b672cfe86116807db072f190d","cpu","cosine",50,0.99,965282,14,"large_low_dim","hnsw","same_shape_group",1,47.399,"faissR_cpu_hnsw","hnsw",46.481,0.99892578125,FALSE,TRUE,TRUE,TRUE,FALSE,1,"faissR_cpu_auto","faiss_flat_cosine","exact_family",564.677,FALSE,NA,FALSE,FALSE,TRUE,NA,"faissR_cpu_hnsw","hnsw",46.481,FALSE
"mass41","5093294b672cfe86116807db072f190d","cpu","euclidean",100,0.9,965282,14,"large_low_dim","hnsw","same_shape_group",2,70.6123249156973,"faissR_cpu_hnsw","hnsw",24.9095,0.981640625,FALSE,TRUE,TRUE,TRUE,FALSE,1,"faissR_cpu_auto",NA,NA,NA,FALSE,NA,FALSE,NA,TRUE,NA,"faissR_cpu_hnsw","hnsw",24.9095,FALSE
"mass41","5093294b672cfe86116807db072f190d","cpu","euclidean",100,0.95,965282,14,"large_low_dim","hnsw","same_shape_group",2,132.111627086718,"faissR_cpu_hnsw","hnsw",44.755,0.996826171875,FALSE,TRUE,TRUE,TRUE,FALSE,1,"faissR_cpu_auto",NA,NA,NA,FALSE,NA,FALSE,NA,TRUE,NA,"faissR_cpu_hnsw","hnsw",44.755,FALSE
"mass41","5093294b672cfe86116807db072f190d","cpu","euclidean",100,0.99,965282,14,"large_low_dim","hnsw","same_shape_group",2,222.397750735029,"faissR_cpu_hnsw","hnsw",75.389,0.999775390625,FALSE,TRUE,TRUE,TRUE,FALSE,1,"faissR_cpu_auto",NA,NA,NA,FALSE,NA,FALSE,NA,TRUE,NA,"faissR_cpu_hnsw","hnsw",75.389,FALSE
"mass41","5093294b672cfe86116807db072f190d","cpu","euclidean",15,0.9,965282,14,"large_low_dim","hnsw","same_shape_group",2,39.5896425848984,"faissR_cpu_hnsw","hnsw",14.3,0.989778645833333,FALSE,TRUE,TRUE,TRUE,FALSE,1,"faissR_cpu_auto",NA,NA,NA,FALSE,NA,FALSE,NA,TRUE,NA,"faissR_cpu_hnsw","hnsw",14.3,FALSE
"mass41","5093294b672cfe86116807db072f190d","cpu","euclidean",15,0.95,965282,14,"large_low_dim","hnsw","same_shape_group",2,52.5897971901395,"faissR_cpu_hnsw","hnsw",18.768,0.995572916666667,FALSE,TRUE,TRUE,TRUE,FALSE,1,"faissR_cpu_auto",NA,NA,NA,FALSE,NA,FALSE,NA,TRUE,NA,"faissR_cpu_hnsw","hnsw",18.768,FALSE
"mass41","5093294b672cfe86116807db072f190d","cpu","euclidean",15,0.99,965282,14,"large_low_dim","hnsw","same_shape_group",2,126.841760217209,"faissR_cpu_hnsw","hnsw",43.1025,0.999869791666667,FALSE,TRUE,TRUE,TRUE,FALSE,1,"faissR_cpu_auto",NA,NA,NA,FALSE,NA,FALSE,NA,TRUE,NA,"faissR_cpu_hnsw","hnsw",43.1025,FALSE
"mass41","5093294b672cfe86116807db072f190d","cpu","euclidean",30,0.9,965282,14,"large_low_dim","hnsw","same_shape_group",2,53.339771941301,"faissR_cpu_hnsw","hnsw",19.295,0.98916015625,FALSE,TRUE,TRUE,TRUE,FALSE,1,"faissR_cpu_auto",NA,NA,NA,FALSE,NA,FALSE,NA,TRUE,NA,"faissR_cpu_hnsw","hnsw",19.295,FALSE
"mass41","5093294b672cfe86116807db072f190d","cpu","euclidean",30,0.95,965282,14,"large_low_dim","hnsw","same_shape_group",2,74.7569931829123,"faissR_cpu_hnsw","hnsw",26.4515,0.9966796875,FALSE,TRUE,TRUE,TRUE,FALSE,1,"faissR_cpu_auto",NA,NA,NA,FALSE,NA,FALSE,NA,TRUE,NA,"faissR_cpu_hnsw","hnsw",26.4515,FALSE
"mass41","5093294b672cfe86116807db072f190d","cpu","euclidean",30,0.99,965282,14,"large_low_dim","hnsw","same_shape_group",2,127.317165393163,"faissR_cpu_hnsw","hnsw",43.2065,0.99970703125,FALSE,TRUE,TRUE,TRUE,FALSE,1,"faissR_cpu_auto",NA,NA,NA,FALSE,NA,FALSE,NA,TRUE,NA,"faissR_cpu_hnsw","hnsw",43.2065,FALSE
"mass41","5093294b672cfe86116807db072f190d","cpu","euclidean",50,0.9,965282,14,"large_low_dim","hnsw","same_shape_group",1,18.2485,"faissR_cpu_hnsw","hnsw",19.376,0.978828125,FALSE,TRUE,TRUE,TRUE,FALSE,1,"faissR_cpu_auto",NA,NA,NA,FALSE,NA,FALSE,NA,TRUE,NA,"faissR_cpu_hnsw","hnsw",19.376,FALSE
"mass41","5093294b672cfe86116807db072f190d","cpu","euclidean",50,0.95,965282,14,"large_low_dim","hnsw","same_shape_group",2,75.851075298904,"faissR_cpu_hnsw","hnsw",26.379,0.9934765625,FALSE,TRUE,TRUE,TRUE,FALSE,1,"faissR_cpu_auto",NA,NA,NA,FALSE,NA,FALSE,NA,TRUE,NA,"faissR_cpu_hnsw","hnsw",26.379,FALSE
"mass41","5093294b672cfe86116807db072f190d","cpu","euclidean",50,0.99,965282,14,"large_low_dim","hnsw","same_shape_group",1,41.469,"faissR_cpu_hnsw","hnsw",43.6495,0.999140625,FALSE,TRUE,TRUE,TRUE,FALSE,1,"faissR_cpu_auto",NA,NA,NA,FALSE,NA,FALSE,NA,TRUE,NA,"faissR_cpu_hnsw","hnsw",43.6495,FALSE
